soc_sheet,soc_label,capacity,capacity_label,SOH_percent,0.5C,1.0C,1.5C,2.0C,2.5C
SOC25,25%,20Ah,20 Ah,79.658,2.750000000000252,3.74999999999992,5.750000000000144,7.70000000000004,9.900000000000242
SOC25,25%,20Ah,20 Ah,69.32750000000001,4.349999999999854,4.650000000000043,7.449999999999957,10.25000000000009,9.90000000000002
SOC25,25%,20Ah,20 Ah,77.5915,2.899999999999903,3.649999999999931,5.850000000000133,8.099999999999996,10.20000000000021
SOC25,25%,20Ah,20 Ah,74.77199999999999,3.550000000000164,3.750000000000364,6.199999999999983,8.500000000000174,11.04999999999978
SOC25,25%,20Ah,20 Ah,76.036,2.699999999999925,3.60000000000027,5.800000000000027,7.750000000000146,9.90000000000002
SOC25,25%,20Ah,20 Ah,82.06099999999999,2.750000000000252,3.649999999999931,5.749999999999922,7.799999999999807,10.1
SOC25,25%,20Ah,20 Ah,71.258,5.15000000000021,5.349999999999966,8.849999999999802,11.64999999999994,10.45000000000007
SOC25,25%,20Ah,20 Ah,70.5805,3.849999999999909,4.199999999999759,6.70000000000015,9.299999999999864,9.599999999999831
SOC25,25%,20Ah,20 Ah,70.9525,4.799999999999915,4.799999999999915,7.750000000000368,10.65000000000005,10.1500000000001
SOC25,25%,20Ah,20 Ah,80.158,2.750000000000252,3.650000000000153,5.70000000000026,8.050000000000113,10.10000000000022
SOC25,25%,20Ah,20 Ah,78.525,2.749999999999808,3.74999999999992,5.750000000000144,7.800000000000029,9.750000000000147
SOC25,25%,20Ah,20 Ah,79.4105,3.000000000000114,3.649999999999931,5.800000000000027,8.00000000000023,10.34999999999986
SOC25,25%,20Ah,20 Ah,71.20949999999999,4.950000000000232,5.449999999999955,9.04999999999978,10.75000000000004,9.69999999999982
SOC25,25%,20Ah,20 Ah,72.34700000000001,4.349999999999854,4.349999999999854,7.150000000000212,9.949999999999903,11.79999999999981
SOC25,25%,20Ah,20 Ah,78.1655,2.849999999999797,3.549999999999942,5.650000000000155,7.800000000000029,10.00000000000023
SOC25,25%,20Ah,20 Ah,76.88550000000001,2.900000000000125,3.450000000000175,5.700000000000038,7.950000000000124,10.00000000000001
SOC25,25%,20Ah,20 Ah,70.3345,4.350000000000076,4.249999999999865,7.300000000000084,10.04999999999989,9.300000000000308
SOC25,25%,20Ah,20 Ah,72.951,3.500000000000059,3.800000000000026,6.200000000000205,8.69999999999993,11.2000000000001
SOC25,25%,20Ah,20 Ah,73.899,3.650000000000153,3.900000000000015,6.199999999999983,8.950000000000236,11.49999999999984
SOC25,25%,20Ah,20 Ah,75.5425,3.300000000000081,3.949999999999898,6.150000000000322,8.549999999999836,10.80000000000014
SOC25,25%,20Ah,20 Ah,71.79249999999999,3.949999999999898,4.149999999999876,6.450000000000067,9.34999999999997,11.40000000000008
SOC25,25%,20Ah,20 Ah,73.25999999999999,3.649999999999931,3.750000000000142,6.099999999999994,8.600000000000163,10.9999999999999
SOC25,25%,20Ah,20 Ah,79.54100000000001,2.750000000000252,3.849999999999909,5.900000000000016,8.050000000000335,10.1
SOC25,25%,20Ah,20 Ah,79.6725,2.95000000000023,3.74999999999992,5.950000000000122,8.099999999999996,10.39999999999996
SOC25,25%,20Ah,20 Ah,78.3055,2.650000000000041,3.649999999999931,5.650000000000155,7.70000000000004,9.850000000000136
SOC25,25%,20Ah,20 Ah,73.4855,3.799999999999804,3.849999999999909,6.450000000000289,9.099999999999886,11.70000000000004
SOC25,25%,20Ah,20 Ah,82.063,2.649999999999819,3.74999999999992,5.749999999999922,7.90000000000024,10.1500000000001
SOC25,25%,20Ah,20 Ah,81.4085,2.500000000000169,3.74999999999992,5.849999999999911,7.849999999999913,9.899999999999798
SOC25,25%,20Ah,20 Ah,81.8965,2.75000000000003,3.850000000000131,5.849999999999911,7.850000000000135,10.1
SOC25,25%,20Ah,20 Ah,76.947,3.249999999999753,3.649999999999931,5.849999999999911,8.25000000000009,10.70000000000015
SOC25,25%,20Ah,20 Ah,79.023,2.75000000000003,3.750000000000364,5.750000000000144,7.950000000000124,10.00000000000001
SOC25,25%,20Ah,20 Ah,77.4745,3.249999999999975,3.849999999999909,5.900000000000016,8.299999999999974,11.00000000000012
SOC25,25%,20Ah,20 Ah,79.7295,2.54999999999983,3.750000000000142,5.800000000000027,7.949999999999902,9.90000000000002
SOC25,25%,20Ah,20 Ah,66.631,4.700000000000371,4.799999999999915,7.950000000000124,10.9999999999999,9.250000000000203
SOC25,25%,20Ah,20 Ah,74.095,4.15000000000032,4.000000000000226,6.699999999999928,9.550000000000392,12.00000000000001
SOC25,25%,20Ah,20 Ah,78.269,2.849999999999797,3.649999999999931,5.750000000000144,7.800000000000029,9.90000000000002
SOC25,25%,20Ah,20 Ah,71.36250000000001,4.000000000000004,4.250000000000087,6.70000000000015,9.34999999999997,9.500000000000064
SOC25,25%,20Ah,20 Ah,80.3125,3.100000000000103,3.74999999999992,6.000000000000227,8.200000000000207,10.60000000000016
SOC25,25%,20Ah,20 Ah,78.543,3.100000000000103,3.74999999999992,5.800000000000027,8.000000000000007,10.3000000000002
SOC25,25%,20Ah,20 Ah,80.7565,2.699999999999703,3.74999999999992,5.849999999999911,7.950000000000124,10.29999999999998
SOC25,25%,20Ah,20 Ah,79.629,2.649999999999819,3.650000000000153,5.750000000000144,7.600000000000051,9.55000000000017
SOC25,25%,20Ah,20 Ah,80.91950000000001,2.650000000000041,3.74999999999992,5.650000000000155,7.399999999999851,9.650000000000158
SOC25,25%,20Ah,20 Ah,80.822,2.750000000000252,3.849999999999909,5.649999999999933,7.800000000000251,9.849999999999914
SOC25,25%,20Ah,20 Ah,69.0345,4.699999999999926,4.60000000000016,7.500000000000062,10.45000000000007,8.650000000000269
SOC25,25%,20Ah,20 Ah,73.705,3.299999999999637,3.849999999999909,6.099999999999772,8.599999999999941,11.00000000000012
SOC25,25%,20Ah,20 Ah,73.3985,4.649999999999821,4.599999999999715,7.649999999999935,10.65000000000005,10.35000000000008
SOC25,25%,20Ah,20 Ah,80.96650000000001,2.850000000000241,3.74999999999992,5.800000000000249,8.050000000000113,10.20000000000021
SOC25,25%,20Ah,20 Ah,78.4075,2.849999999999797,3.849999999999909,5.850000000000133,8.000000000000007,10.10000000000022
SOC25,25%,20Ah,20 Ah,68.233,4.449999999999843,4.550000000000054,7.349999999999968,10.45000000000007,9.400000000000297
SOC25,25%,20Ah,20 Ah,80.4905,2.749999999999808,3.74999999999992,5.750000000000144,7.900000000000018,9.90000000000002
SOC25,25%,20Ah,20 Ah,74.022,4.750000000000254,4.850000000000021,8.00000000000023,11.10000000000011,10.00000000000001
SOC25,25%,20Ah,20 Ah,80.06800000000001,2.750000000000252,3.74999999999992,6.000000000000227,7.950000000000124,10.10000000000022
SOC25,25%,20Ah,20 Ah,79.8405,2.749999999999586,3.74999999999992,5.849999999999911,8.000000000000007,10.24999999999987
SOC25,25%,20Ah,20 Ah,77.3935,2.750000000000252,3.649999999999931,5.600000000000049,7.850000000000357,10.00000000000001
SOC25,25%,20Ah,20 Ah,79.18499999999999,2.550000000000274,3.650000000000153,5.700000000000038,7.750000000000368,9.90000000000002
SOC25,25%,20Ah,20 Ah,79.9945,2.750000000000252,3.649999999999931,5.750000000000144,7.900000000000018,10.050000000000109
SOC25,25%,20Ah,20 Ah,76.161,3.350000000000186,3.850000000000131,6.199999999999983,8.650000000000269,10.89999999999991
SOC25,25%,20Ah,20 Ah,72.05799999999999,3.450000000000175,3.950000000000342,6.300000000000194,8.700000000000152,11.24999999999976
SOC25,25%,20Ah,20 Ah,74.28,3.000000000000114,3.649999999999931,5.800000000000027,7.899999999999796,10.40000000000019
SOC25,25%,20Ah,20 Ah,71.66900000000001,4.3000000000001934,4.350000000000298,6.950000000000234,9.650000000000158,9.700000000000042
SOC25,25%,20Ah,20 Ah,79.7385,3.000000000000114,3.74999999999992,5.800000000000249,8.050000000000113,10.20000000000021
SOC25,25%,20Ah,20 Ah,82.0415,2.950000000000008,3.850000000000131,5.750000000000144,7.900000000000018,10.20000000000021
SOC25,25%,20Ah,20 Ah,73.1745,3.899999999999793,3.949999999999898,6.1500000000001,9.099999999999886,11.54999999999995
SOC25,25%,20Ah,20 Ah,68.61349999999999,4.550000000000054,4.650000000000043,7.649999999999935,10.45000000000007,9.499999999999842
SOC25,25%,20Ah,20 Ah,81.3385,2.650000000000263,3.850000000000131,6.000000000000227,8.050000000000113,10.14999999999988
SOC25,25%,20Ah,20 Ah,72.4305,4.800000000000137,5.199999999999871,8.500000000000174,11.49999999999984,10.55000000000006
SOC25,25%,20Ah,20 Ah,74.5805,3.449999999999953,4.000000000000004,6.099999999999994,8.600000000000163,11.10000000000011
SOC25,25%,20Ah,20 Ah,74.3805,4.150000000000098,4.200000000000204,6.70000000000015,9.549999999999947,12.00000000000023
SOC25,25%,20Ah,20 Ah,80.5825,2.750000000000252,3.74999999999992,5.749999999999922,7.90000000000024,10.1
SOC25,25%,20Ah,20 Ah,80.60499999999999,2.600000000000158,3.599999999999826,5.800000000000249,7.950000000000124,9.900000000000242
SOC25,25%,20Ah,20 Ah,70.3445,3.949999999999898,4.149999999999876,6.650000000000267,9.599999999999831,10.19999999999999
SOC25,25%,20Ah,20 Ah,78.43050000000001,2.850000000000241,3.649999999999931,5.749999999999922,7.700000000000262,9.90000000000002
SOC25,25%,20Ah,20 Ah,71.25250000000001,4.149999999999876,4.150000000000098,6.749999999999812,9.600000000000053,10.3000000000002
SOC25,25%,20Ah,20 Ah,71.9275,4.000000000000004,4.250000000000087,6.600000000000161,9.549999999999947,10.00000000000001
SOC25,25%,20Ah,20 Ah,68.794,5.250000000000199,5.800000000000249,9.250000000000203,10.50000000000018,9.399999999999853
SOC25,25%,20Ah,20 Ah,80.036,2.749999999999808,3.649999999999931,5.850000000000133,7.900000000000018,10.050000000000109
SOC25,25%,20Ah,20 Ah,72.52199999999999,4.150000000000098,4.200000000000204,6.70000000000015,9.549999999999947,10.00000000000001
SOC25,25%,20Ah,20 Ah,81.594,2.75000000000003,3.650000000000153,5.649999999999933,7.950000000000124,10.1
SOC25,25%,20Ah,20 Ah,79.76650000000001,2.750000000000252,3.650000000000153,5.900000000000016,7.950000000000346,10.1
SOC25,25%,20Ah,20 Ah,82.55250000000001,2.750000000000252,3.549999999999942,5.650000000000155,7.500000000000062,9.650000000000158
SOC25,25%,20Ah,20 Ah,75.68599999999999,3.450000000000175,3.900000000000015,6.049999999999889,8.550000000000058,10.89999999999991
SOC25,25%,20Ah,20 Ah,73.8135,3.099999999999659,3.549999999999942,5.700000000000038,8.000000000000007,10.40000000000019
SOC25,25%,20Ah,20 Ah,76.375,3.499999999999837,3.600000000000048,5.849999999999911,8.25000000000009,10.80000000000014
SOC25,25%,20Ah,20 Ah,75.7495,3.850000000000353,4.050000000000331,6.549999999999834,9.300000000000086,11.74999999999993
SOC25,25%,20Ah,20 Ah,78.84400000000001,2.95000000000023,3.849999999999909,5.749999999999922,8.00000000000023,10.19999999999999
SOC25,25%,20Ah,20 Ah,81.82449999999999,2.649999999999819,3.650000000000153,5.549999999999944,7.49999999999984,9.749999999999925
SOC25,25%,20Ah,20 Ah,76.505,3.100000000000103,3.750000000000142,5.800000000000027,7.850000000000135,10.00000000000001
SOC25,25%,20Ah,20 Ah,75.6275,2.999999999999892,3.750000000000142,5.800000000000027,8.099999999999996,10.50000000000018
SOC25,25%,20Ah,20 Ah,71.64150000000001,4.999999999999893,5.50000000000006,8.90000000000013,11.90000000000002,10.8499999999998
SOC25,25%,20Ah,20 Ah,79.025,3.599999999999826,3.900000000000015,6.29999999999975,8.799999999999919,11.2500000000002
SOC25,25%,20Ah,20 Ah,77.0165,2.750000000000252,3.649999999999931,5.549999999999944,7.600000000000051,9.600000000000053
SOC25,25%,20Ah,20 Ah,77.40549999999999,3.100000000000103,3.74999999999992,5.900000000000016,8.099999999999996,10.250000000000309
SOC25,25%,20Ah,20 Ah,80.21900000000001,2.699999999999925,3.750000000000142,5.849999999999911,7.900000000000018,9.950000000000125
SOC25,25%,20Ah,20 Ah,78.036,3.000000000000114,3.74999999999992,5.700000000000038,8.199999999999985,10.3000000000002
SOC25,25%,20Ah,20 Ah,78.619,2.95000000000023,3.650000000000153,5.800000000000027,8.14999999999988,10.40000000000019
SOC25,25%,20Ah,20 Ah,82.075,2.700000000000147,3.74999999999992,5.749999999999922,7.749999999999924,10.00000000000023
SOC25,25%,20Ah,20 Ah,77.4025,2.649999999999819,3.650000000000153,5.700000000000038,7.849999999999913,9.90000000000002
SOC25,25%,20Ah,20 Ah,74.2885,2.899999999999903,3.74999999999992,5.750000000000144,7.900000000000018,10.19999999999999
SOC25,25%,20Ah,20 Ah,80.5055,2.850000000000019,3.649999999999931,5.650000000000155,8.000000000000007,10.20000000000021
SOC25,25%,20Ah,20 Ah,73.358,3.449999999999953,3.649999999999709,6.000000000000227,8.399999999999963,10.85000000000025
SOC25,25%,20Ah,20 Ah,79.89699999999999,2.850000000000241,3.74999999999992,5.800000000000249,7.949999999999902,10.20000000000021
SOC25,25%,20Ah,20 Ah,73.5635,3.849999999999909,3.9999999999997824,6.399999999999961,9.050000000000225,11.49999999999984
SOC25,25%,35Ah,35 Ah,80.49657142857143,2.40000000000018,3.649999999999931,5.349999999999744,7.299999999999862,9.349999999999747
SOC25,25%,35Ah,35 Ah,81.35085714285714,2.499999999999947,3.849999999999909,5.649999999999933,7.449999999999735,9.24999999999998
SOC25,25%,35Ah,35 Ah,80.06771428571429,2.299999999999747,3.350000000000186,5.15000000000021,6.950000000000012,8.850000000000247
SOC25,25%,35Ah,35 Ah,78.76828571428571,2.399999999999958,3.54999999999972,5.450000000000177,7.249999999999757,8.999999999999897
SOC25,25%,35Ah,35 Ah,82.06942857142857,2.399999999999736,3.750000000000142,5.449999999999955,7.300000000000084,9.149999999999991
SOC25,25%,35Ah,35 Ah,82.52085714285714,2.3000000000001912,3.550000000000164,5.400000000000071,7.450000000000179,9.449999999999958
SOC25,25%,35Ah,35 Ah,82.63371428571429,2.500000000000169,3.849999999999909,5.749999999999922,7.449999999999957,9.449999999999958
SOC25,25%,35Ah,35 Ah,82.26028571428571,2.499999999999947,3.549999999999942,5.349999999999966,7.449999999999735,9.24999999999998
SOC25,25%,35Ah,35 Ah,86.64914285714286,2.399999999999736,3.450000000000175,5.249999999999977,6.850000000000023,8.650000000000047
SOC25,25%,35Ah,35 Ah,82.70085714285715,2.40000000000018,3.74999999999992,5.749999999999922,7.699999999999818,9.749999999999925
SOC25,25%,35Ah,35 Ah,74.36399999999999,2.349999999999852,3.500000000000281,5.349999999999966,7.100000000000106,9.050000000000225
SOC25,25%,35Ah,35 Ah,85.41371428571428,2.350000000000074,3.649999999999931,5.550000000000166,7.449999999999957,9.24999999999998
SOC25,25%,35Ah,35 Ah,83.08114285714285,2.450000000000063,3.549999999999942,5.350000000000188,7.249999999999979,9.050000000000002
SOC25,25%,35Ah,35 Ah,83.88257142857142,2.349999999999852,3.60000000000027,5.400000000000293,7.35000000000019,9.150000000000214
SOC25,25%,35Ah,35 Ah,84.11685714285714,2.350000000000074,3.449999999999953,5.400000000000071,7.049999999999779,8.799999999999919
SOC25,25%,35Ah,35 Ah,82.23485714285714,2.399999999999736,3.550000000000164,5.449999999999955,7.349999999999968,9.299999999999864
SOC25,25%,35Ah,35 Ah,81.33142857142857,2.40000000000018,3.449999999999953,5.350000000000188,7.14999999999999,9.000000000000119
SOC25,25%,35Ah,35 Ah,82.41457142857142,2.40000000000018,3.74999999999992,5.499999999999838,7.449999999999957,9.24999999999998
SOC25,25%,35Ah,35 Ah,85.35914285714286,2.40000000000018,3.350000000000186,5.249999999999977,6.950000000000012,8.950000000000236
SOC25,25%,35Ah,35 Ah,82.64828571428572,2.350000000000074,3.649999999999931,5.550000000000166,7.450000000000179,9.149999999999991
SOC25,25%,35Ah,35 Ah,83.336,2.54999999999983,3.650000000000153,5.550000000000166,7.450000000000179,9.250000000000203
SOC25,25%,35Ah,35 Ah,76.33,2.399999999999958,3.750000000000142,5.450000000000177,7.449999999999957,9.300000000000086
SOC25,25%,35Ah,35 Ah,85.59142857142858,2.54999999999983,3.650000000000153,5.649999999999933,7.650000000000157,9.649999999999936
SOC25,25%,35Ah,35 Ah,84.99714285714285,2.399999999999736,3.450000000000175,5.349999999999966,7.300000000000084,8.950000000000236
SOC25,25%,35Ah,35 Ah,84.82771428571428,2.299999999999747,3.550000000000164,5.400000000000071,7.35000000000019,9.24999999999998
SOC25,25%,35Ah,35 Ah,84.5277142857143,2.3000000000001912,3.349999999999964,5.349999999999744,7.099999999999884,9.050000000000002
SOC25,25%,35Ah,35 Ah,82.10257142857144,2.150000000000096,3.349999999999964,5.650000000000155,7.249999999999979,9.149999999999991
SOC25,25%,35Ah,35 Ah,88.986,2.200000000000202,3.350000000000186,4.95000000000001,6.750000000000034,8.55000000000028
SOC25,25%,35Ah,35 Ah,89.41942857142857,2.150000000000096,3.449999999999953,5.349999999999966,7.149999999999768,8.850000000000025
SOC25,25%,35Ah,35 Ah,88.78885714285715,2.399999999999736,3.450000000000175,5.250000000000199,7.100000000000106,8.850000000000247
SOC25,25%,35Ah,35 Ah,87.44714285714285,2.299999999999969,3.449999999999731,5.350000000000188,7.249999999999757,8.90000000000013
SOC25,25%,35Ah,35 Ah,90.35257142857142,2.350000000000074,3.449999999999953,5.350000000000188,7.449999999999957,9.24999999999998
SOC25,25%,35Ah,35 Ah,76.85371428571429,2.499999999999725,3.550000000000164,5.449999999999955,7.349999999999968,9.199999999999875
SOC25,25%,35Ah,35 Ah,90.61085714285714,2.349999999999852,3.650000000000153,5.349999999999744,7.450000000000179,9.150000000000214
SOC25,25%,35Ah,35 Ah,91.09142857142858,2.349999999999852,3.450000000000175,5.249999999999755,7.050000000000223,8.749999999999813
SOC25,25%,35Ah,35 Ah,85.786,2.40000000000018,3.549999999999942,5.449999999999733,7.399999999999851,9.349999999999747
SOC25,25%,35Ah,35 Ah,88.30285714285714,2.399999999999736,3.650000000000153,5.349999999999966,7.249999999999979,8.899999999999908
SOC25,25%,35Ah,35 Ah,90.7,2.450000000000063,3.599999999999826,5.399999999999849,7.149999999999768,8.950000000000014
SOC25,25%,35Ah,35 Ah,88.35542857142856,2.350000000000074,3.399999999999848,5.249999999999977,7.099999999999884,9.050000000000002
SOC25,25%,35Ah,35 Ah,89.43057142857143,2.40000000000018,3.549999999999942,5.449999999999733,7.399999999999851,9.349999999999747
SOC25,25%,35Ah,35 Ah,89.22485714285713,2.299999999999969,3.349999999999742,5.350000000000188,7.35000000000019,9.100000000000108
SOC25,25%,35Ah,35 Ah,87.98314285714287,2.250000000000085,3.649999999999931,5.349999999999966,7.049999999999779,8.850000000000025
SOC25,25%,35Ah,35 Ah,88.73885714285714,2.199999999999758,3.549999999999942,5.249999999999977,6.950000000000012,8.850000000000025
SOC25,25%,35Ah,35 Ah,77.39171428571429,2.499999999999725,3.450000000000175,5.349999999999966,7.14999999999999,8.999999999999897
SOC25,25%,35Ah,35 Ah,86.91085714285714,2.399999999999736,3.450000000000175,5.249999999999977,7.14999999999999,9.000000000000119
SOC25,25%,35Ah,35 Ah,87.08857142857144,2.350000000000074,3.649999999999931,5.349999999999966,7.349999999999746,9.050000000000002
SOC25,25%,35Ah,35 Ah,91.47485714285713,2.200000000000202,3.549999999999942,5.249999999999755,7.050000000000001,9.04999999999978
SOC25,25%,35Ah,35 Ah,92.2802857142857,2.299999999999747,3.550000000000164,5.349999999999966,7.100000000000106,9.150000000000214
SOC25,25%,35Ah,35 Ah,96.23314285714287,2.40000000000018,3.249999999999975,4.949999999999788,6.850000000000023,8.550000000000058
SOC25,25%,35Ah,35 Ah,92.08057142857143,2.499999999999947,3.450000000000175,5.249999999999977,7.049999999999779,8.850000000000025
SOC25,25%,35Ah,35 Ah,95.78857142857143,2.19999999999998,3.249999999999753,4.95000000000001,6.749999999999812,8.449999999999847
SOC25,25%,35Ah,35 Ah,79.98028571428571,2.550000000000052,3.599999999999826,5.499999999999838,7.449999999999957,9.24999999999998
SOC25,25%,35Ah,35 Ah,80.89914285714285,2.40000000000018,3.74999999999992,5.549999999999722,7.299999999999862,9.449999999999736
SOC25,25%,35Ah,35 Ah,80.04,2.500000000000169,3.549999999999942,5.449999999999733,7.14999999999999,9.199999999999875
SOC25,25%,35Ah,35 Ah,78.48257142857143,2.40000000000018,3.549999999999942,5.449999999999733,7.199999999999873,9.199999999999653
SOC25,25%,35Ah,35 Ah,77.8062857142857,2.499999999999725,3.550000000000164,5.449999999999955,7.349999999999968,9.099999999999886
SOC25,25%,68Ah,68 Ah,84.86632352941177,3.60000000000027,4.899999999999904,7.400000000000073,10.04999999999989,12.79999999999992
SOC25,25%,68Ah,68 Ah,73.36926470588236,3.700000000000037,4.999999999999893,7.600000000000051,10.39999999999996,13.49999999999985
SOC25,25%,68Ah,68 Ah,71.0079411764706,3.700000000000037,4.899999999999904,7.400000000000073,9.999999999999787,12.700000000000161
SOC25,25%,68Ah,68 Ah,84.67470588235294,3.350000000000408,4.349999999999854,6.799999999999917,9.200000000000319,11.75000000000015
SOC25,25%,68Ah,68 Ah,84.36882352941177,3.40000000000007,4.900000000000126,7.400000000000073,10.05000000000034,12.65000000000005
SOC25,25%,68Ah,68 Ah,84.20808823529411,3.500000000000059,4.599999999999937,7.349999999999968,10.00000000000001,12.69999999999993
SOC25,25%,68Ah,68 Ah,84.47191176470588,3.349999999999964,4.650000000000043,7.100000000000328,9.650000000000158,12.29999999999998
SOC25,25%,68Ah,68 Ah,82.63294117647058,3.300000000000081,4.699999999999926,7.14999999999999,9.700000000000042,12.59999999999994
SOC25,25%,68Ah,68 Ah,84.75764705882352,3.349999999999964,4.750000000000032,7.300000000000306,9.700000000000042,12.3000000000002
SOC25,25%,68Ah,68 Ah,83.05264705882352,3.500000000000059,4.500000000000171,6.950000000000012,9.69999999999982,12.3000000000002
SOC25,25%,68Ah,68 Ah,83.61323529411764,3.399999999999848,4.699999999999926,7.249999999999979,9.900000000000242,12.59999999999994
SOC25,25%,68Ah,68 Ah,81.12264705882353,3.399999999999848,4.599999999999937,7.050000000000001,9.400000000000297,12.00000000000001
SOC25,25%,68Ah,68 Ah,85.61661764705882,3.349999999999964,4.650000000000043,7.000000000000339,9.55000000000017,12.00000000000001
SOC25,25%,68Ah,68 Ah,82.1075,3.249999999999975,4.450000000000065,7.099999999999884,9.45000000000018,12.1
SOC25,25%,68Ah,68 Ah,85.79985294117647,3.349999999999964,4.550000000000054,6.850000000000023,9.400000000000297,11.90000000000002
SOC25,25%,68Ah,68 Ah,82.79117647058824,3.599999999999826,4.60000000000016,7.099999999999884,9.850000000000136,12.75000000000004
SOC25,25%,68Ah,68 Ah,65.89970588235295,4.199999999999759,5.449999999999733,8.300000000000196,11.40000000000008,14.64999999999983
SOC25,25%,68Ah,68 Ah,83.04911764705882,3.449999999999953,4.850000000000021,7.300000000000306,9.90000000000002,12.29999999999998
SOC25,25%,68Ah,68 Ah,84.28676470588235,3.449999999999953,4.850000000000021,7.099999999999884,9.800000000000253,12.499999999999961
SOC25,25%,68Ah,68 Ah,78.7035294117647,3.40000000000007,4.800000000000137,7.35000000000019,9.899999999999798,12.65000000000005
SOC25,25%,68Ah,68 Ah,82.7885294117647,3.249999999999975,4.650000000000043,7.100000000000328,9.800000000000031,12.3000000000002
SOC25,25%,68Ah,68 Ah,85.85794117647059,3.250000000000197,4.54999999999961,7.300000000000084,9.800000000000031,12.499999999999961
SOC25,25%,68Ah,68 Ah,70.92514705882354,3.900000000000237,5.350000000000188,8.000000000000007,10.70000000000015,13.84999999999992
SOC25,25%,68Ah,68 Ah,73.77867647058824,3.500000000000059,4.750000000000032,7.600000000000273,10.39999999999996,13.34999999999975
SOC25,25%,68Ah,68 Ah,72.3389705882353,3.700000000000037,5.099999999999882,7.599999999999829,10.250000000000309,13.05000000000023
SOC25,25%,68Ah,68 Ah,75.59117647058824,3.500000000000059,4.750000000000032,7.300000000000306,10.1,13.09999999999989
SOC25,25%,68Ah,68 Ah,79.21161764705883,3.500000000000059,4.750000000000032,7.300000000000306,9.800000000000031,12.50000000000018
SOC25,25%,68Ah,68 Ah,85.09441176470588,3.350000000000408,4.649999999999821,7.100000000000106,9.600000000000275,12.1
SOC25,25%,68Ah,68 Ah,77.53970588235293,3.449999999999953,4.850000000000021,7.500000000000284,10.00000000000001,12.69999999999993
SOC25,25%,68Ah,68 Ah,82.91720588235295,3.450000000000397,4.649999999999821,7.100000000000106,9.700000000000042,12.39999999999997
SOC25,25%,68Ah,68 Ah,67.56205882352941,3.799999999999804,4.95000000000001,7.600000000000051,10.29999999999998,13.29999999999987
SOC25,25%,68Ah,68 Ah,84.09485294117647,3.249999999999975,4.650000000000043,7.200000000000317,9.700000000000042,12.39999999999997
SOC25,25%,68Ah,68 Ah,84.94147058823529,3.349999999999742,4.550000000000054,7.249999999999979,9.800000000000253,12.29999999999998
SOC25,25%,68Ah,68 Ah,85.60955882352941,3.500000000000059,4.699999999999926,7.050000000000001,9.69999999999982,12.50000000000018
SOC25,25%,68Ah,68 Ah,78.64411764705883,3.349999999999964,4.750000000000032,7.299999999999862,10.00000000000023,12.700000000000161
SOC25,25%,68Ah,68 Ah,85.6660294117647,3.300000000000081,4.599999999999937,7.14999999999999,9.90000000000002,12.499999999999961
SOC25,25%,68Ah,68 Ah,84.04294117647059,3.549999999999942,4.750000000000032,7.300000000000084,10.00000000000001,12.60000000000017
SOC25,25%,68Ah,68 Ah,81.22691176470587,3.349999999999964,4.750000000000032,7.100000000000328,9.800000000000031,12.3000000000002
SOC25,25%,68Ah,68 Ah,83.64161764705882,3.349999999999964,4.750000000000032,7.299999999999862,9.950000000000125,12.499999999999961
SOC25,25%,68Ah,68 Ah,83.19852941176471,3.350000000000186,4.650000000000043,7.300000000000306,9.750000000000147,12.499999999999961
SOC25,25%,68Ah,68 Ah,84.30602941176471,3.449999999999953,4.850000000000021,7.199999999999873,9.900000000000242,12.700000000000161
SOC25,25%,68Ah,68 Ah,82.22029411764706,3.449999999999953,4.550000000000054,6.899999999999906,9.600000000000275,11.94999999999991
SOC25,25%,68Ah,68 Ah,69.2710294117647,3.799999999999804,4.95000000000001,7.600000000000273,10.49999999999995,13.44999999999974
SOC25,25%,68Ah,68 Ah,84.02176470588235,3.249999999999975,4.60000000000016,7.050000000000001,9.69999999999982,12.3000000000002
SOC25,25%,68Ah,68 Ah,86.01441176470588,3.300000000000081,4.500000000000171,6.950000000000012,9.399999999999853,12.00000000000023
SOC25,25%,68Ah,68 Ah,85.63573529411765,3.249999999999975,4.450000000000065,6.999999999999895,9.600000000000053,12.1
SOC25,25%,68Ah,68 Ah,82.1064705882353,3.40000000000007,4.450000000000065,7.099999999999884,9.700000000000042,12.39999999999997
SOC25,25%,68Ah,68 Ah,84.70382352941176,3.200000000000092,4.200000000000204,6.899999999999906,9.350000000000191,11.8999999999998
SOC25,25%,68Ah,68 Ah,85.02661764705883,3.19999999999987,4.599999999999937,7.050000000000223,9.400000000000075,12.1
SOC25,25%,68Ah,68 Ah,83.71941176470588,3.449999999999953,4.750000000000032,7.200000000000317,9.950000000000125,12.75000000000004
SOC25,25%,68Ah,68 Ah,81.86529411764705,3.349999999999964,4.750000000000032,7.200000000000317,9.700000000000042,12.29999999999998
SOC25,25%,68Ah,68 Ah,82.86044117647059,3.249999999999975,4.550000000000276,7.000000000000117,9.599999999999831,12.05000000000012
SOC25,25%,68Ah,68 Ah,84.5614705882353,3.299999999999859,4.60000000000016,7.099999999999884,9.850000000000136,12.499999999999961
SOC25,25%,68Ah,68 Ah,81.3479411764706,3.650000000000153,4.95000000000001,7.399999999999851,9.950000000000125,12.65000000000005
SOC25,25%,68Ah,68 Ah,84.18558823529412,3.350000000000186,4.650000000000043,7.200000000000095,9.90000000000002,12.50000000000018
SOC25,25%,68Ah,68 Ah,83.05867647058824,3.500000000000281,4.699999999999926,7.250000000000201,9.90000000000002,12.59999999999994
SOC25,25%,68Ah,68 Ah,85.02470588235295,3.300000000000081,4.60000000000016,7.050000000000001,9.599999999999831,12.10000000000022
SOC25,25%,68Ah,68 Ah,84.07470588235294,3.249999999999975,4.550000000000054,7.099999999999884,9.750000000000147,12.29999999999998
SOC25,25%,68Ah,68 Ah,70.65220588235294,3.54999999999972,4.699999999999704,7.300000000000084,9.800000000000031,12.69999999999971
SOC25,25%,68Ah,68 Ah,70.38838235294118,3.700000000000037,5.2000000000000925,7.950000000000346,10.64999999999983,13.60000000000006
SOC25,25%,68Ah,68 Ah,67.63852941176471,3.800000000000026,5.149999999999988,7.90000000000024,10.59999999999994,13.55000000000017
SOC25,25%,68Ah,68 Ah,69.36911764705881,3.600000000000048,4.899999999999904,7.699999999999818,10.250000000000309,13.05000000000001
SOC25,25%,68Ah,68 Ah,68.55514705882354,3.800000000000026,5.099999999999882,8.000000000000007,10.89999999999991,13.69999999999982
SOC25,25%,68Ah,68 Ah,70.5775,3.750000000000142,5.250000000000199,7.800000000000029,10.50000000000018,13.30000000000009
SOC25,25%,68Ah,68 Ah,66.22470588235294,3.900000000000237,5.450000000000177,8.25000000000009,11.49999999999984,14.60000000000017
SOC25,25%,68Ah,68 Ah,87.28838235294117,3.60000000000027,4.799999999999915,7.35000000000019,10.1,12.79999999999992
SOC25,25%,68Ah,68 Ah,68.82455882352942,3.900000000000015,5.250000000000199,7.900000000000018,10.95000000000024,13.69999999999982
SOC25,25%,68Ah,68 Ah,73.42455882352941,3.450000000000175,4.750000000000032,7.300000000000084,10.00000000000001,13.00000000000012
SOC25,25%,68Ah,68 Ah,73.81617647058823,3.749999999999698,4.750000000000032,7.250000000000201,9.950000000000125,12.69999999999993
SOC25,25%,68Ah,68 Ah,72.94117647058825,3.500000000000059,4.699999999999926,7.450000000000179,10.19999999999999,12.85000000000003
SOC25,25%,68Ah,68 Ah,72.31323529411765,3.500000000000059,4.799999999999915,7.35000000000019,9.899999999999798,12.75000000000004
SOC25,25%,68Ah,68 Ah,77.07191176470589,3.500000000000059,4.899999999999904,7.35000000000019,10.00000000000001,12.65000000000005
SOC25,25%,68Ah,68 Ah,83.13029411764705,3.449999999999953,4.650000000000043,7.100000000000328,9.800000000000031,12.39999999999997
SOC25,25%,68Ah,68 Ah,85.29117647058824,3.2500000000004188,4.549999999999832,7.000000000000117,9.549999999999947,12.1
SOC25,25%,68Ah,68 Ah,72.10529411764706,3.550000000000164,4.95000000000001,7.600000000000051,10.19999999999999,12.89999999999991
SOC25,25%,68Ah,68 Ah,82.63308823529411,3.249999999999975,4.649999999999821,7.300000000000084,9.700000000000042,12.19999999999999
SOC25,25%,68Ah,68 Ah,84.05779411764706,3.499999999999837,4.699999999999926,7.400000000000073,10.050000000000109,12.75000000000004
SOC25,25%,68Ah,68 Ah,71.42455882352941,3.700000000000037,5.049999999999999,7.600000000000051,10.59999999999994,13.3500000000002
SOC25,25%,68Ah,68 Ah,79.55514705882352,3.600000000000048,4.899999999999904,7.35000000000019,10.050000000000109,12.90000000000013
SOC25,25%,68Ah,68 Ah,72.08558823529413,3.700000000000037,4.899999999999904,7.450000000000179,10.19999999999999,13.14999999999977
SOC25,25%,68Ah,68 Ah,81.29088235294117,3.349999999999964,4.650000000000043,7.100000000000328,9.600000000000053,12.3000000000002
SOC25,25%,68Ah,68 Ah,76.33029411764706,3.500000000000059,4.699999999999926,7.250000000000201,10.00000000000001,12.80000000000014
SOC25,25%,68Ah,68 Ah,73.09691176470588,3.699999999999815,4.95000000000001,7.600000000000051,10.3000000000002,13.30000000000009
SOC25,25%,68Ah,68 Ah,78.56073529411765,3.399999999999848,4.649999999999821,7.300000000000084,9.800000000000031,12.499999999999961
SOC25,25%,68Ah,68 Ah,75.51058823529412,3.599999999999826,4.95000000000001,7.400000000000295,10.19999999999999,12.9999999999999
SOC25,25%,68Ah,68 Ah,74.04117647058823,3.500000000000059,4.750000000000032,7.49999999999984,10.10000000000022,13.10000000000011
SOC25,25%,68Ah,68 Ah,76.57735294117647,3.60000000000027,4.700000000000371,7.250000000000201,9.900000000000242,12.85000000000003
SOC25,25%,68Ah,68 Ah,85.85220588235293,3.250000000000197,4.750000000000032,7.100000000000106,9.800000000000031,12.499999999999961
SOC25,25%,68Ah,68 Ah,74.64397058823529,3.549999999999942,4.850000000000021,7.400000000000073,10.19999999999999,12.90000000000013
SOC25,25%,68Ah,68 Ah,69.61367647058823,3.849999999999909,4.999999999999893,7.899999999999796,10.90000000000013,13.70000000000005
SOC25,25%,68Ah,68 Ah,83.03014705882353,3.349999999999964,4.450000000000065,7.099999999999884,9.55000000000017,12.24999999999987
SOC25,25%,68Ah,68 Ah,72.44132352941178,3.600000000000048,4.799999999999915,7.250000000000201,9.899999999999798,12.65000000000005
SOC25,25%,68Ah,68 Ah,81.49132352941176,3.200000000000314,4.500000000000171,6.950000000000012,9.599999999999831,12.10000000000022
SOC25,25%,68Ah,68 Ah,83.00235294117647,3.300000000000081,4.699999999999926,7.14999999999999,9.799999999999809,12.50000000000018
SOC25,25%,68Ah,68 Ah,84.31911764705883,3.049999999999997,4.349999999999854,6.500000000000172,9.100000000000108,11.70000000000004
SOC25,25%,68Ah,68 Ah,82.3635294117647,3.450000000000175,4.750000000000032,7.400000000000295,9.90000000000002,12.69999999999993
SOC50,50%,20Ah,20 Ah,79.658,3.650000000000153,4.750000000000032,7.199999999999873,9.800000000000031,12.40000000000019
SOC50,50%,20Ah,20 Ah,69.32750000000001,6.749999999999812,7.200000000000317,11.95000000000013,13.74999999999993,13.05000000000001
SOC50,50%,20Ah,20 Ah,77.5915,4.60000000000016,5.800000000000027,9.04999999999978,12.45000000000007,15.04999999999979
SOC50,50%,20Ah,20 Ah,74.77199999999999,5.549999999999944,6.199999999999761,9.799999999999809,13.54999999999995,12.39999999999997
SOC50,50%,20Ah,20 Ah,76.036,4.100000000000215,5.550000000000166,8.55000000000028,11.50000000000029,14.39999999999997
SOC50,50%,20Ah,20 Ah,82.06099999999999,3.699999999999815,4.699999999999926,7.500000000000062,9.949999999999681,12.35000000000008
SOC50,50%,20Ah,20 Ah,71.258,7.000000000000117,8.549999999999836,13.64999999999994,14.50000000000018,13.39999999999986
SOC50,50%,20Ah,20 Ah,70.5805,6.099999999999772,7.100000000000106,11.30000000000009,14.29999999999998,11.75000000000015
SOC50,50%,20Ah,20 Ah,70.9525,6.550000000000056,7.849999999999913,12.55000000000006,14.3000000000002,13.34999999999997
SOC50,50%,20Ah,20 Ah,80.158,4.250000000000087,5.700000000000038,8.399999999999741,11.40000000000008,14.15000000000033
SOC50,50%,20Ah,20 Ah,78.525,3.9999999999997824,5.099999999999882,7.70000000000004,10.69999999999993,13.3500000000002
SOC50,50%,20Ah,20 Ah,79.4105,4.450000000000065,5.249999999999977,8.049999999999669,10.9999999999999,14.0499999999999
SOC50,50%,20Ah,20 Ah,71.20949999999999,6.900000000000128,8.35000000000008,13.54999999999995,13.39999999999986,11.8999999999998
SOC50,50%,20Ah,20 Ah,72.34700000000001,6.250000000000089,7.249999999999757,11.64999999999994,15.70000000000005,13.8999999999998
SOC50,50%,20Ah,20 Ah,78.1655,4.349999999999854,5.700000000000038,8.649999999999824,11.60000000000005,14.75000000000004
SOC50,50%,20Ah,20 Ah,76.88550000000001,4.900000000000126,6.099999999999772,9.400000000000075,12.69999999999993,14.59999999999972
SOC50,50%,20Ah,20 Ah,70.3345,6.649999999999823,7.249999999999979,11.95000000000013,14.05000000000012,12.499999999999961
SOC50,50%,20Ah,20 Ah,72.951,5.800000000000027,6.499999999999728,10.29999999999998,14.34999999999986,11.85000000000014
SOC50,50%,20Ah,20 Ah,73.899,5.700000000000038,6.399999999999739,10.24999999999965,13.94999999999991,12.14999999999966
SOC50,50%,20Ah,20 Ah,75.5425,5.699999999999816,6.799999999999917,10.55000000000006,14.40000000000019,12.34999999999986
SOC50,50%,20Ah,20 Ah,71.79249999999999,6.450000000000067,7.099999999999884,11.39999999999985,15.59999999999984,12.64999999999983
SOC50,50%,20Ah,20 Ah,73.25999999999999,5.899999999999794,6.600000000000161,10.60000000000016,14.50000000000018,12.700000000000161
SOC50,50%,20Ah,20 Ah,79.54100000000001,3.900000000000015,5.149999999999988,7.849999999999913,10.50000000000018,13.29999999999987
SOC50,50%,20Ah,20 Ah,79.6725,3.650000000000153,4.850000000000243,7.70000000000004,10.29999999999998,13.09999999999989
SOC50,50%,20Ah,20 Ah,78.3055,3.799999999999804,5.049999999999777,7.70000000000004,10.39999999999974,13.05000000000023
SOC50,50%,20Ah,20 Ah,73.4855,6.149999999999878,6.799999999999695,10.7999999999997,14.75000000000004,12.44999999999985
SOC50,50%,20Ah,20 Ah,82.063,3.649999999999709,4.95000000000001,7.49999999999984,9.999999999999787,12.59999999999994
SOC50,50%,20Ah,20 Ah,81.4085,3.799999999999804,5.099999999999882,7.500000000000062,10.19999999999976,12.90000000000013
SOC50,50%,20Ah,20 Ah,81.8965,3.799999999999804,4.899999999999904,7.500000000000062,10.09999999999978,12.700000000000161
SOC50,50%,20Ah,20 Ah,76.947,5.149999999999988,5.899999999999794,9.350000000000191,12.79999999999992,15.24999999999976
SOC50,50%,20Ah,20 Ah,79.023,3.849999999999909,4.999999999999893,7.70000000000004,10.39999999999996,13.15000000000022
SOC50,50%,20Ah,20 Ah,77.4745,5.149999999999988,5.800000000000027,9.14999999999977,12.64999999999961,14.59999999999995
SOC50,50%,20Ah,20 Ah,79.7295,3.700000000000037,4.999999999999893,7.599999999999829,10.1,12.7999999999997
SOC50,50%,20Ah,20 Ah,66.631,6.550000000000056,7.400000000000073,12.25000000000009,12.65000000000027,12.19999999999999
SOC50,50%,20Ah,20 Ah,74.095,6.099999999999772,7.100000000000106,11.34999999999997,15.24999999999976,14.09999999999978
SOC50,50%,20Ah,20 Ah,78.269,3.799999999999804,5.199999999999871,7.70000000000004,10.39999999999996,13.15000000000022
SOC50,50%,20Ah,20 Ah,71.36250000000001,6.350000000000078,7.200000000000317,11.70000000000027,14.700000000000161,12.24999999999987
SOC50,50%,20Ah,20 Ah,80.3125,4.299999999999971,5.29999999999986,7.999999999999785,10.95000000000024,13.84999999999992
SOC50,50%,20Ah,20 Ah,78.543,5.100000000000104,6.100000000000216,9.449999999999958,13.04999999999978,14.9499999999998
SOC50,50%,20Ah,20 Ah,80.7565,3.800000000000026,5.149999999999988,7.799999999999807,10.39999999999996,13.14999999999977
SOC50,50%,20Ah,20 Ah,79.629,4.000000000000004,5.400000000000071,8.099999999999996,10.7999999999997,13.60000000000006
SOC50,50%,20Ah,20 Ah,80.91950000000001,3.900000000000015,5.199999999999871,8.200000000000207,10.90000000000013,13.64999999999994
SOC50,50%,20Ah,20 Ah,80.822,3.700000000000037,5.2000000000000925,7.800000000000029,10.39999999999974,13.09999999999989
SOC50,50%,20Ah,20 Ah,69.0345,6.500000000000172,7.400000000000073,12.1,12.24999999999965,10.74999999999982
SOC50,50%,20Ah,20 Ah,73.705,5.400000000000071,6.29999999999975,9.69999999999982,13.29999999999987,11.29999999999987
SOC50,50%,20Ah,20 Ah,73.3985,6.350000000000078,7.749999999999702,12.1,14.499999999999961,13.30000000000009
SOC50,50%,20Ah,20 Ah,80.96650000000001,3.949999999999898,4.899999999999682,7.600000000000051,10.1,12.95000000000002
SOC50,50%,20Ah,20 Ah,78.4075,4.550000000000054,5.800000000000027,9.100000000000108,12.24999999999987,15.44999999999974
SOC50,50%,20Ah,20 Ah,68.233,6.549999999999834,7.549999999999946,12.34999999999986,13.90000000000002,12.74999999999982
SOC50,50%,20Ah,20 Ah,80.4905,4.249999999999865,5.50000000000006,8.49999999999973,11.54999999999995,14.19999999999977
SOC50,50%,20Ah,20 Ah,74.022,6.850000000000023,7.949999999999902,12.84999999999981,14.39999999999975,12.90000000000013
SOC50,50%,20Ah,20 Ah,80.06800000000001,3.649999999999931,4.750000000000032,7.299999999999862,10.09999999999978,12.65000000000005
SOC50,50%,20Ah,20 Ah,79.8405,4.350000000000076,5.50000000000006,8.499999999999952,11.59999999999983,14.34999999999986
SOC50,50%,20Ah,20 Ah,77.3935,3.949999999999898,5.399999999999849,8.099999999999774,10.90000000000013,13.65000000000016
SOC50,50%,20Ah,20 Ah,79.18499999999999,3.700000000000037,5.2000000000000925,7.70000000000004,10.29999999999975,12.9999999999999
SOC50,50%,20Ah,20 Ah,79.9945,3.800000000000026,5.099999999999882,7.699999999999818,10.29999999999998,13.09999999999967
SOC50,50%,20Ah,20 Ah,76.161,5.50000000000006,6.49999999999995,10.15000000000033,13.70000000000005,12.89999999999991
SOC50,50%,20Ah,20 Ah,72.05799999999999,5.749999999999922,6.650000000000267,10.45000000000007,14.0499999999999,13.14999999999977
SOC50,50%,20Ah,20 Ah,74.28,5.049999999999999,5.999999999999783,9.350000000000191,12.75000000000004,14.80000000000037
SOC50,50%,20Ah,20 Ah,71.66900000000001,6.399999999999961,7.250000000000201,11.75000000000015,14.35000000000008,12.35000000000031
SOC50,50%,20Ah,20 Ah,79.7385,4.250000000000087,5.249999999999977,7.849999999999691,10.89999999999991,13.64999999999994
SOC50,50%,20Ah,20 Ah,82.0415,3.900000000000015,4.850000000000021,7.199999999999873,9.799999999999809,12.65000000000005
SOC50,50%,20Ah,20 Ah,73.1745,6.149999999999878,6.849999999999801,11.14999999999977,15.000000000000119,12.75000000000026
SOC50,50%,20Ah,20 Ah,68.61349999999999,6.649999999999823,7.450000000000401,12.04999999999989,13.44999999999996,12.55000000000006
SOC50,50%,20Ah,20 Ah,81.3385,3.650000000000153,4.949999999999788,7.600000000000051,10.19999999999999,12.499999999999961
SOC50,50%,20Ah,20 Ah,72.4305,6.650000000000045,8.050000000000113,13.05000000000001,15.05000000000001,13.64999999999994
SOC50,50%,20Ah,20 Ah,74.5805,5.649999999999933,6.699999999999706,10.49999999999973,14.35000000000008,12.34999999999986
SOC50,50%,20Ah,20 Ah,74.3805,6.249999999999867,7.249999999999979,11.29999999999987,15.30000000000009,13.84999999999992
SOC50,50%,20Ah,20 Ah,80.5825,3.949999999999898,5.149999999999988,7.849999999999913,10.50000000000018,13.3500000000002
SOC50,50%,20Ah,20 Ah,80.60499999999999,3.650000000000153,4.95000000000001,7.70000000000004,10.39999999999996,12.89999999999991
SOC50,50%,20Ah,20 Ah,70.3445,6.249999999999867,7.150000000000212,11.65000000000016,15.2000000000001,12.700000000000161
SOC50,50%,20Ah,20 Ah,78.43050000000001,4.400000000000182,5.550000000000166,8.650000000000269,11.60000000000028,14.45000000000007
SOC50,50%,20Ah,20 Ah,71.25250000000001,6.349999999999856,7.249999999999979,11.70000000000027,15.00000000000035,13.04999999999978
SOC50,50%,20Ah,20 Ah,71.9275,6.300000000000194,7.199999999999873,11.45000000000018,14.65000000000027,12.3000000000002
SOC50,50%,20Ah,20 Ah,68.794,6.94999999999979,7.949999999999902,13.34999999999997,13.09999999999989,11.69999999999982
SOC50,50%,20Ah,20 Ah,80.036,4.200000000000204,5.50000000000006,8.399999999999963,11.39999999999985,14.0499999999999
SOC50,50%,20Ah,20 Ah,72.52199999999999,6.449999999999845,7.250000000000201,11.50000000000029,14.44999999999985,12.499999999999961
SOC50,50%,20Ah,20 Ah,81.594,3.700000000000037,4.850000000000021,7.399999999999851,10.09999999999978,12.75000000000004
SOC50,50%,20Ah,20 Ah,79.76650000000001,4.3000000000001934,5.550000000000166,8.399999999999963,11.45000000000018,14.2500000000001
SOC50,50%,20Ah,20 Ah,82.55250000000001,3.599999999999826,4.74999999999981,7.100000000000106,9.499999999999842,12.00000000000001
SOC50,50%,20Ah,20 Ah,75.68599999999999,5.50000000000006,6.400000000000183,10.1500000000001,13.84999999999992,13.15
SOC50,50%,20Ah,20 Ah,73.8135,5.199999999999871,6.350000000000078,9.950000000000125,13.3500000000002,13.60000000000006
SOC50,50%,20Ah,20 Ah,76.375,5.29999999999986,6.000000000000005,9.549999999999947,13.19999999999988,14.39999999999997
SOC50,50%,20Ah,20 Ah,75.7495,5.900000000000016,6.699999999999928,10.80000000000014,14.59999999999995,14.24999999999987
SOC50,50%,20Ah,20 Ah,78.84400000000001,4.450000000000065,5.550000000000166,8.500000000000174,11.45000000000018,14.55000000000006
SOC50,50%,20Ah,20 Ah,81.82449999999999,3.550000000000164,4.95000000000001,7.400000000000073,10.00000000000001,12.19999999999999
SOC50,50%,20Ah,20 Ah,76.505,4.699999999999926,6.000000000000005,9.449999999999736,12.85000000000003,13.84999999999992
SOC50,50%,20Ah,20 Ah,75.6275,4.700000000000149,5.800000000000027,9.000000000000119,12.35000000000031,15.45000000000019
SOC50,50%,20Ah,20 Ah,71.64150000000001,6.70000000000015,8.400000000000185,13.55000000000017,14.79999999999992,13.95000000000013
SOC50,50%,20Ah,20 Ah,79.025,5.449999999999955,5.999999999999783,9.500000000000064,13.14999999999977,14.55000000000006
SOC50,50%,20Ah,20 Ah,77.0165,3.949999999999898,5.199999999999871,8.199999999999763,11.05000000000023,14.00000000000001
SOC50,50%,20Ah,20 Ah,77.40549999999999,4.550000000000054,5.800000000000027,9.099999999999886,12.34999999999986,15.64999999999972
SOC50,50%,20Ah,20 Ah,80.21900000000001,3.700000000000037,4.999999999999893,7.399999999999851,10.00000000000001,12.59999999999972
SOC50,50%,20Ah,20 Ah,78.036,4.800000000000137,5.900000000000016,9.150000000000214,12.45000000000007,15.29999999999987
SOC50,50%,20Ah,20 Ah,78.619,4.299999999999971,5.199999999999871,7.999999999999785,10.95000000000024,13.74999999999993
SOC50,50%,20Ah,20 Ah,82.075,3.699999999999815,4.800000000000137,7.399999999999851,9.899999999999798,12.499999999999961
SOC50,50%,20Ah,20 Ah,77.4025,4.3000000000001934,5.450000000000177,8.299999999999974,11.45000000000018,14.2500000000001
SOC50,50%,20Ah,20 Ah,74.2885,4.699999999999926,5.899999999999794,9.250000000000203,12.45000000000007,15.65000000000016
SOC50,50%,20Ah,20 Ah,80.5055,4.199999999999982,5.099999999999882,7.899999999999796,10.95000000000024,13.84999999999992
SOC50,50%,20Ah,20 Ah,73.358,5.649999999999933,6.299999999999972,10.1500000000001,13.99999999999979,12.59999999999994
SOC50,50%,20Ah,20 Ah,79.89699999999999,3.95000000000012,5.300000000000082,8.000000000000007,10.89999999999969,13.84999999999992
SOC50,50%,20Ah,20 Ah,73.5635,6.149999999999878,7.000000000000117,10.95000000000002,15.14999999999977,12.84999999999981
SOC50,50%,35Ah,35 Ah,80.49657142857143,3.000000000000114,4.199999999999982,6.399999999999739,8.599999999999941,10.65000000000005
SOC50,50%,35Ah,35 Ah,81.35085714285714,2.899999999999903,4.150000000000098,6.299999999999972,8.550000000000058,10.40000000000019
SOC50,50%,35Ah,35 Ah,80.06771428571429,2.900000000000125,4.099999999999993,5.999999999999783,7.949999999999902,9.700000000000042
SOC50,50%,35Ah,35 Ah,78.76828571428571,2.699999999999925,4.050000000000109,5.9499999999999,7.900000000000018,9.849999999999692
SOC50,50%,35Ah,35 Ah,82.06942857142857,2.699999999999925,4.049999999999887,6.350000000000078,8.199999999999763,10.29999999999998
SOC50,50%,35Ah,35 Ah,82.52085714285714,3.000000000000114,4.450000000000065,6.549999999999834,8.90000000000013,11.00000000000012
SOC50,50%,35Ah,35 Ah,82.63371428571429,3.049999999999997,4.3000000000001934,6.450000000000067,8.600000000000163,10.90000000000013
SOC50,50%,35Ah,35 Ah,82.26028571428571,2.849999999999797,4.149999999999876,6.199999999999983,8.249999999999869,10.29999999999998
SOC50,50%,35Ah,35 Ah,86.64914285714286,2.499999999999947,3.95000000000012,5.749999999999922,7.600000000000051,9.649999999999714
SOC50,50%,35Ah,35 Ah,82.70085714285715,2.950000000000008,4.500000000000171,6.650000000000045,8.999999999999897,11.19999999999988
SOC50,50%,35Ah,35 Ah,74.36399999999999,3.000000000000114,4.350000000000076,6.450000000000067,8.700000000000152,10.74999999999982
SOC50,50%,35Ah,35 Ah,85.41371428571428,2.799999999999914,3.95000000000012,6.049999999999889,8.000000000000007,10.09999999999978
SOC50,50%,35Ah,35 Ah,83.08114285714285,2.950000000000008,4.149999999999876,6.29999999999975,8.299999999999974,10.45000000000007
SOC50,50%,35Ah,35 Ah,83.88257142857142,2.799999999999914,4.149999999999876,6.050000000000111,8.099999999999774,9.90000000000002
SOC50,50%,35Ah,35 Ah,84.11685714285714,2.700000000000147,3.949999999999898,6.000000000000005,7.849999999999913,9.700000000000042
SOC50,50%,35Ah,35 Ah,82.23485714285714,2.899999999999903,4.050000000000109,6.149999999999878,8.099999999999996,10.04999999999989
SOC50,50%,35Ah,35 Ah,81.33142857142857,3.149999999999986,4.549999999999832,6.899999999999684,9.000000000000119,11.04999999999978
SOC50,50%,35Ah,35 Ah,82.41457142857142,2.899999999999903,4.150000000000098,6.1500000000001,8.299999999999974,10.40000000000019
SOC50,50%,35Ah,35 Ah,85.35914285714286,2.800000000000136,4.249999999999865,6.149999999999878,8.099999999999996,10.1
SOC50,50%,35Ah,35 Ah,82.64828571428572,2.800000000000136,4.149999999999876,6.099999999999772,8.249999999999869,10.29999999999998
SOC50,50%,35Ah,35 Ah,83.336,2.799999999999914,3.949999999999898,6.1500000000001,8.099999999999774,10.19999999999999
SOC50,50%,35Ah,35 Ah,76.33,2.999999999999892,4.549999999999832,6.650000000000045,8.899999999999686,11.05
SOC50,50%,35Ah,35 Ah,85.59142857142858,2.599999999999936,4.050000000000109,6.050000000000111,8.099999999999996,10.25000000000009
SOC50,50%,35Ah,35 Ah,84.99714285714285,2.599999999999936,3.850000000000131,5.649999999999933,7.550000000000168,9.299999999999864
SOC50,50%,35Ah,35 Ah,84.82771428571428,2.700000000000147,4.149999999999876,6.099999999999772,8.04999999999989,10.1
SOC50,50%,35Ah,35 Ah,84.5277142857143,2.699999999999925,3.949999999999898,5.749999999999922,7.699999999999818,9.649999999999936
SOC50,50%,35Ah,35 Ah,82.10257142857144,2.449999999999841,3.750000000000142,5.600000000000049,7.850000000000135,9.69999999999982
SOC50,50%,35Ah,35 Ah,88.986,2.599999999999936,3.649999999999931,5.349999999999966,7.200000000000095,9.14999999999977
SOC50,50%,35Ah,35 Ah,89.41942857142857,2.499999999999947,3.849999999999687,5.700000000000038,7.549999999999724,9.499999999999842
SOC50,50%,35Ah,35 Ah,88.78885714285715,2.699999999999925,3.649999999999931,5.649999999999933,7.600000000000051,9.449999999999958
SOC50,50%,35Ah,35 Ah,87.44714285714285,2.550000000000274,3.600000000000048,5.350000000000188,7.349999999999968,8.999999999999897
SOC50,50%,35Ah,35 Ah,90.35257142857142,2.600000000000158,3.849999999999909,5.850000000000133,7.70000000000004,9.700000000000042
SOC50,50%,35Ah,35 Ah,76.85371428571429,2.850000000000241,4.3000000000001934,6.650000000000045,8.600000000000163,10.54999999999984
SOC50,50%,35Ah,35 Ah,90.61085714285714,2.699999999999925,3.949999999999898,5.900000000000016,7.649999999999713,9.399999999999853
SOC50,50%,35Ah,35 Ah,91.09142857142858,2.499999999999725,3.550000000000164,5.249999999999755,7.000000000000117,8.849999999999802
SOC50,50%,35Ah,35 Ah,85.786,2.499999999999947,3.549999999999942,5.349999999999966,7.200000000000095,8.849999999999802
SOC50,50%,35Ah,35 Ah,88.30285714285714,2.500000000000169,3.74999999999992,5.649999999999933,7.600000000000051,9.45000000000018
SOC50,50%,35Ah,35 Ah,90.7,2.299999999999747,3.350000000000186,5.049999999999777,6.800000000000139,8.449999999999847
SOC50,50%,35Ah,35 Ah,88.35542857142856,2.599999999999936,3.649999999999931,5.549999999999944,7.599999999999829,9.34999999999997
SOC50,50%,35Ah,35 Ah,89.43057142857143,2.699999999999925,4.049999999999887,5.950000000000122,7.899999999999796,9.949999999999903
SOC50,50%,35Ah,35 Ah,89.22485714285713,2.699999999999925,3.74999999999992,5.549999999999944,7.549999999999724,9.299999999999864
SOC50,50%,35Ah,35 Ah,87.98314285714287,2.499999999999725,3.650000000000153,5.249999999999977,7.000000000000117,8.749999999999813
SOC50,50%,35Ah,35 Ah,88.73885714285714,2.599999999999936,3.849999999999909,5.749999999999922,7.49999999999984,9.149999999999991
SOC50,50%,35Ah,35 Ah,77.39171428571429,2.699999999999925,3.850000000000131,5.9499999999999,7.900000000000018,9.849999999999692
SOC50,50%,35Ah,35 Ah,86.91085714285714,2.599999999999936,3.849999999999909,5.749999999999922,7.49999999999984,9.549999999999947
SOC50,50%,35Ah,35 Ah,87.08857142857144,2.599999999999936,3.849999999999909,5.650000000000155,7.649999999999713,9.399999999999853
SOC50,50%,35Ah,35 Ah,91.47485714285713,2.299999999999969,3.649999999999709,5.399999999999849,7.050000000000001,8.899999999999908
SOC50,50%,35Ah,35 Ah,92.2802857142857,2.600000000000158,3.949999999999898,6.049999999999889,7.900000000000018,9.850000000000136
SOC50,50%,35Ah,35 Ah,96.23314285714287,2.399999999999958,3.54999999999972,5.249999999999977,6.999999999999895,8.950000000000014
SOC50,50%,35Ah,35 Ah,92.08057142857143,2.399999999999958,3.449999999999953,5.449999999999955,7.14999999999999,8.999999999999675
SOC50,50%,35Ah,35 Ah,95.78857142857143,2.399999999999958,3.449999999999953,5.149999999999988,6.950000000000012,8.699999999999708
SOC50,50%,35Ah,35 Ah,79.98028571428571,3.099999999999881,4.350000000000076,6.449999999999845,8.69999999999993,10.80000000000014
SOC50,50%,35Ah,35 Ah,80.89914285714285,2.800000000000136,4.350000000000076,6.699999999999706,8.850000000000025,10.99999999999968
SOC50,50%,35Ah,35 Ah,80.04,2.699999999999925,4.250000000000087,6.050000000000111,8.199999999999763,10.1500000000001
SOC50,50%,35Ah,35 Ah,78.48257142857143,2.899999999999903,4.350000000000076,6.449999999999845,8.599999999999941,10.65000000000005
SOC50,50%,35Ah,35 Ah,77.8062857142857,2.950000000000008,4.549999999999832,6.70000000000015,8.950000000000014,11.00000000000012
SOC50,50%,68Ah,68 Ah,84.86632352941177,4.699999999999926,6.100000000000216,9.399999999999853,12.64999999999961,15.949999999999909
SOC50,50%,68Ah,68 Ah,73.36926470588236,5.149999999999988,6.70000000000015,10.29999999999998,14.0499999999999,17.50000000000007
SOC50,50%,68Ah,68 Ah,71.0079411764706,5.050000000000221,6.899999999999906,10.45000000000007,13.99999999999979,17.60000000000006
SOC50,50%,68Ah,68 Ah,84.67470588235294,4.199999999999759,5.549999999999722,8.49999999999973,11.44999999999974,14.299999999999761
SOC50,50%,68Ah,68 Ah,84.36882352941177,4.649999999999821,6.299999999999972,9.700000000000264,13.05000000000001,16.349999999999863
SOC50,50%,68Ah,68 Ah,84.20808823529411,4.599999999999715,5.799999999999805,9.099999999999886,12.14999999999988,15.25000000000021
SOC50,50%,68Ah,68 Ah,84.47191176470588,4.349999999999854,5.699999999999816,8.800000000000141,12.04999999999989,15.04999999999979
SOC50,50%,68Ah,68 Ah,82.63294117647058,4.450000000000065,6.199999999999983,9.150000000000214,12.39999999999997,15.64999999999972
SOC50,50%,68Ah,68 Ah,84.75764705882352,4.350000000000076,5.799999999999805,8.950000000000236,12.1,15.05000000000001
SOC50,50%,68Ah,68 Ah,83.05264705882352,4.299999999999748,5.849999999999911,9.14999999999977,12.1,15.24999999999999
SOC50,50%,68Ah,68 Ah,83.61323529411764,4.4999999999997256,6.000000000000005,9.400000000000297,12.55000000000006,15.74999999999993
SOC50,50%,68Ah,68 Ah,81.12264705882353,4.400000000000182,5.849999999999911,8.950000000000236,12.1,15.05000000000001
SOC50,50%,68Ah,68 Ah,85.61661764705882,4.399999999999737,5.699999999999816,8.700000000000152,11.69999999999982,14.64999999999961
SOC50,50%,68Ah,68 Ah,82.1075,4.09999999999977,5.7499999999997,8.650000000000047,11.69999999999982,14.64999999999961
SOC50,50%,68Ah,68 Ah,85.79985294117647,4.000000000000004,5.300000000000082,8.399999999999741,11.30000000000009,14.15000000000033
SOC50,50%,68Ah,68 Ah,82.79117647058824,4.750000000000032,6.099999999999994,9.34999999999997,12.69999999999971,15.8999999999998
SOC50,50%,68Ah,68 Ah,65.89970588235295,6.650000000000045,9.449999999999958,14.1,19.09999999999989,24.00000000000002
SOC50,50%,68Ah,68 Ah,83.04911764705882,4.349999999999854,6.000000000000005,9.099999999999886,12.25000000000032,15.15000000000022
SOC50,50%,68Ah,68 Ah,84.28676470588235,4.599999999999715,5.999999999999783,9.299999999999864,12.45000000000007,15.50000000000007
SOC50,50%,68Ah,68 Ah,78.7035294117647,4.650000000000043,6.199999999999983,9.449999999999958,12.69999999999993,16.19999999999977
SOC50,50%,68Ah,68 Ah,82.7885294117647,4.200000000000204,5.800000000000027,8.90000000000013,11.90000000000002,15.05000000000001
SOC50,50%,68Ah,68 Ah,85.85794117647059,4.450000000000065,6.000000000000005,9.150000000000214,12.39999999999997,15.54999999999973
SOC50,50%,68Ah,68 Ah,70.92514705882354,5.100000000000104,6.899999999999906,10.45000000000007,14.14999999999988,17.750000000000153
SOC50,50%,68Ah,68 Ah,73.77867647058824,4.95000000000001,6.500000000000172,9.949999999999903,13.44999999999996,16.95000000000002
SOC50,50%,68Ah,68 Ah,72.3389705882353,4.850000000000021,6.600000000000161,10.050000000000109,13.64999999999994,17.3500000000002
SOC50,50%,68Ah,68 Ah,75.59117647058824,4.750000000000032,6.400000000000183,9.69999999999982,12.95000000000002,16.44999999999985
SOC50,50%,68Ah,68 Ah,79.21161764705883,4.549999999999832,6.099999999999772,9.34999999999997,12.700000000000161,16.14999999999989
SOC50,50%,68Ah,68 Ah,85.09441176470588,4.350000000000076,5.800000000000027,8.949999999999791,12.1,15.14999999999977
SOC50,50%,68Ah,68 Ah,77.53970588235293,4.550000000000054,6.100000000000216,9.299999999999864,12.75000000000004,15.949999999999909
SOC50,50%,68Ah,68 Ah,82.91720588235295,4.499999999999948,5.849999999999911,8.950000000000236,12.1,15.34999999999975
SOC50,50%,68Ah,68 Ah,67.56205882352941,5.50000000000006,7.549999999999946,11.55000000000039,15.45000000000019,19.3500000000002
SOC50,50%,68Ah,68 Ah,84.09485294117647,4.599999999999715,5.849999999999911,8.949999999999791,12.1,15.24999999999999
SOC50,50%,68Ah,68 Ah,84.94147058823529,4.400000000000182,5.750000000000144,8.950000000000236,12.00000000000023,15.05000000000001
SOC50,50%,68Ah,68 Ah,85.60955882352941,4.4999999999997256,5.900000000000016,8.799999999999919,12.04999999999989,15.2000000000001
SOC50,50%,68Ah,68 Ah,78.64411764705883,4.850000000000021,6.300000000000194,9.549999999999947,13.10000000000011,16.54999999999984
SOC50,50%,68Ah,68 Ah,85.6660294117647,4.399999999999737,5.799999999999805,8.799999999999919,11.79999999999981,14.84999999999959
SOC50,50%,68Ah,68 Ah,84.04294117647059,4.550000000000054,6.000000000000005,9.349999999999747,12.74999999999982,16.0499999999999
SOC50,50%,68Ah,68 Ah,81.22691176470587,4.549999999999832,6.29999999999975,9.449999999999958,12.80000000000014,16.050000000000118
SOC50,50%,68Ah,68 Ah,83.64161764705882,4.4999999999997256,5.849999999999911,9.150000000000214,12.1,15.44999999999974
SOC50,50%,68Ah,68 Ah,83.19852941176471,4.449999999999843,5.799999999999805,9.099999999999886,12.24999999999987,15.65000000000016
SOC50,50%,68Ah,68 Ah,84.30602941176471,4.599999999999937,5.9499999999999,9.350000000000191,12.55000000000006,15.84999999999992
SOC50,50%,68Ah,68 Ah,82.22029411764706,4.3000000000001934,5.749999999999922,8.850000000000247,11.90000000000002,14.85000000000003
SOC50,50%,68Ah,68 Ah,69.2710294117647,5.400000000000293,7.200000000000317,11.05000000000023,14.85000000000003,18.89999999999992
SOC50,50%,68Ah,68 Ah,84.02176470588235,4.450000000000065,5.800000000000027,9.199999999999875,12.15000000000033,15.65000000000016
SOC50,50%,68Ah,68 Ah,86.01441176470588,4.350000000000076,5.700000000000038,8.69999999999993,11.64999999999994,14.69999999999994
SOC50,50%,68Ah,68 Ah,85.63573529411765,4.149999999999876,5.50000000000006,8.49999999999973,11.44999999999974,14.40000000000019
SOC50,50%,68Ah,68 Ah,82.1064705882353,4.350000000000076,5.800000000000027,8.69999999999993,12.1,15.15
SOC50,50%,68Ah,68 Ah,84.70382352941176,3.9999999999997824,5.599999999999827,8.600000000000163,11.29999999999987,14.19999999999977
SOC50,50%,68Ah,68 Ah,85.02661764705883,4.250000000000087,5.799999999999805,8.750000000000258,11.80000000000003,14.85000000000003
SOC50,50%,68Ah,68 Ah,83.71941176470588,4.450000000000065,5.900000000000016,9.150000000000214,12.29999999999998,15.64999999999972
SOC50,50%,68Ah,68 Ah,81.86529411764705,4.350000000000076,6.000000000000005,9.350000000000191,12.499999999999961,15.749999999999709
SOC50,50%,68Ah,68 Ah,82.86044117647059,4.399999999999959,5.900000000000016,8.90000000000013,12.00000000000001,14.95000000000002
SOC50,50%,68Ah,68 Ah,84.5614705882353,4.299999999999748,5.849999999999911,8.749999999999813,11.90000000000002,15.05000000000001
SOC50,50%,68Ah,68 Ah,81.3479411764706,4.750000000000032,6.199999999999983,9.350000000000191,12.69999999999971,16.19999999999999
SOC50,50%,68Ah,68 Ah,84.18558823529412,4.4999999999997256,5.9499999999999,9.14999999999977,12.29999999999998,15.34999999999975
SOC50,50%,68Ah,68 Ah,83.05867647058824,4.299999999999748,5.9499999999999,9.14999999999977,12.29999999999998,15.44999999999974
SOC50,50%,68Ah,68 Ah,85.02470588235295,4.349999999999854,5.699999999999816,8.800000000000141,11.94999999999991,14.89999999999969
SOC50,50%,68Ah,68 Ah,84.07470588235294,4.450000000000065,6.000000000000005,9.250000000000203,12.29999999999998,15.64999999999972
SOC50,50%,68Ah,68 Ah,70.65220588235294,5.450000000000177,7.349999999999968,11.2500000000002,15.25000000000021,19.40000000000008
SOC50,50%,68Ah,68 Ah,70.38838235294118,5.350000000000188,7.200000000000317,10.8499999999998,14.45000000000007,18.34999999999987
SOC50,50%,68Ah,68 Ah,67.63852941176471,5.400000000000071,7.299999999999862,11.24999999999976,15.05000000000001,18.999999999999908
SOC50,50%,68Ah,68 Ah,69.36911764705881,5.399999999999849,7.099999999999884,11.04999999999978,14.75000000000004,18.449999999999857
SOC50,50%,68Ah,68 Ah,68.55514705882354,5.70000000000026,7.500000000000284,11.2500000000002,15.24999999999976,19.40000000000008
SOC50,50%,68Ah,68 Ah,70.5775,5.299999999999638,7.149999999999768,10.59999999999994,14.55000000000028,18.39999999999997
SOC50,50%,68Ah,68 Ah,66.22470588235294,6.399999999999961,9.45000000000018,14.3000000000002,19.3500000000002,24.400000000000198
SOC50,50%,68Ah,68 Ah,87.28838235294117,4.349999999999854,5.999999999999783,8.950000000000236,12.19999999999999,15.34999999999975
SOC50,50%,68Ah,68 Ah,68.82455882352942,5.450000000000177,7.549999999999946,11.34999999999997,15.3500000000002,19.50000000000007
SOC50,50%,68Ah,68 Ah,73.42455882352941,4.800000000000137,6.500000000000172,9.849999999999914,13.24999999999976,16.85000000000003
SOC50,50%,68Ah,68 Ah,73.81617647058823,4.750000000000032,6.500000000000172,9.899999999999798,13.25000000000021,16.65000000000028
SOC50,50%,68Ah,68 Ah,72.94117647058825,4.800000000000137,6.500000000000172,9.749999999999925,13.45000000000018,17.05000000000001
SOC50,50%,68Ah,68 Ah,72.31323529411765,4.999999999999671,6.49999999999995,9.950000000000347,13.55000000000017,17.15
SOC50,50%,68Ah,68 Ah,77.07191176470589,4.750000000000032,6.300000000000194,9.499999999999842,12.74999999999959,16.24999999999988
SOC50,50%,68Ah,68 Ah,83.13029411764705,4.399999999999737,5.900000000000016,9.099999999999886,12.25000000000009,15.55000000000017
SOC50,50%,68Ah,68 Ah,85.29117647058824,4.199999999999759,5.599999999999827,8.800000000000141,11.69999999999982,14.7499999999996
SOC50,50%,68Ah,68 Ah,72.10529411764706,4.95000000000001,6.70000000000015,10.19999999999999,13.65000000000016,17.30000000000009
SOC50,50%,68Ah,68 Ah,82.63308823529411,4.649999999999821,6.099999999999772,9.149999999999991,12.499999999999961,15.65000000000016
SOC50,50%,68Ah,68 Ah,84.05779411764706,4.599999999999937,6.300000000000194,9.549999999999947,12.89999999999969,16.349999999999863
SOC50,50%,68Ah,68 Ah,71.42455882352941,5.050000000000221,6.799999999999917,10.39999999999974,14.0499999999999,17.64999999999972
SOC50,50%,68Ah,68 Ah,79.55514705882352,4.549999999999832,5.999999999999783,9.150000000000214,12.65000000000005,16.350000000000307
SOC50,50%,68Ah,68 Ah,72.08558823529413,5.000000000000115,6.699999999999706,10.24999999999965,13.74999999999993,17.44999999999974
SOC50,50%,68Ah,68 Ah,81.29088235294117,4.4999999999997256,5.799999999999805,9.099999999999886,12.35000000000008,15.74999999999993
SOC50,50%,68Ah,68 Ah,76.33029411764706,4.650000000000043,6.100000000000216,9.499999999999842,12.85000000000003,16.24999999999988
SOC50,50%,68Ah,68 Ah,73.09691176470588,5.000000000000115,6.699999999999706,10.14999999999988,13.74999999999993,17.34999999999998
SOC50,50%,68Ah,68 Ah,78.56073529411765,4.449999999999843,5.800000000000027,9.04999999999978,12.65000000000005,16.0499999999999
SOC50,50%,68Ah,68 Ah,75.51058823529412,4.650000000000043,6.300000000000194,9.700000000000042,13.14999999999977,16.7499999999996
SOC50,50%,68Ah,68 Ah,74.04117647058823,4.900000000000126,6.499999999999728,9.949999999999903,13.64999999999972,17.34999999999998
SOC50,50%,68Ah,68 Ah,76.57735294117647,4.650000000000043,6.400000000000183,9.799999999999809,13.45000000000018,16.899999999999917
SOC50,50%,68Ah,68 Ah,85.85220588235293,4.250000000000087,5.900000000000016,9.150000000000214,12.29999999999998,15.34999999999975
SOC50,50%,68Ah,68 Ah,74.64397058823529,4.74999999999981,6.299999999999972,9.75000000000037,13.10000000000011,16.899999999999917
SOC50,50%,68Ah,68 Ah,69.61367647058823,5.449999999999733,7.349999999999968,11.19999999999988,15.09999999999989,19.10000000000012
SOC50,50%,68Ah,68 Ah,83.03014705882353,4.450000000000065,6.099999999999994,9.150000000000214,12.59999999999994,15.8999999999998
SOC50,50%,68Ah,68 Ah,72.44132352941178,5.149999999999766,6.699999999999928,10.35000000000008,14.15000000000033,17.90000000000003
SOC50,50%,68Ah,68 Ah,81.49132352941176,4.549999999999832,5.799999999999805,9.149999999999991,12.29999999999998,15.65000000000016
SOC50,50%,68Ah,68 Ah,83.00235294117647,4.449999999999843,5.999999999999783,9.150000000000214,12.39999999999997,15.64999999999972
SOC50,50%,68Ah,68 Ah,84.31911764705883,4.09999999999977,5.599999999999827,8.400000000000185,11.19999999999988,14.14999999999988
SOC50,50%,68Ah,68 Ah,82.3635294117647,4.649999999999821,6.199999999999761,9.449999999999958,12.700000000000161,16.14999999999989
SOC75,75%,20Ah,20 Ah,82.06099999999999,4.800000000000137,7.299999999999862,10.89999999999991,14.19999999999999,15.60000000000028
SOC75,75%,20Ah,20 Ah,82.063,4.399999999999959,6.500000000000172,10.00000000000023,13.30000000000009,16.14999999999989
SOC75,75%,20Ah,20 Ah,81.4085,4.500000000000393,7.100000000000328,10.80000000000014,14.3000000000002,17.05000000000001
SOC75,75%,20Ah,20 Ah,81.8965,5.100000000000104,7.599999999999829,11.40000000000008,14.95000000000002,17.900000000000247
SOC75,75%,20Ah,20 Ah,82.0415,4.900000000000126,7.099999999999884,10.69999999999993,14.20000000000021,17.05000000000001
SOC75,75%,20Ah,20 Ah,81.3385,4.550000000000054,6.750000000000034,10.39999999999996,13.55000000000017,16.299999999999983
SOC75,75%,20Ah,20 Ah,81.594,4.60000000000016,7.150000000000212,10.75000000000004,14.40000000000019,17.50000000000007
SOC75,75%,20Ah,20 Ah,82.55250000000001,4.499999999999948,6.799999999999917,10.19999999999999,13.39999999999986,16.299999999999983
SOC75,75%,20Ah,20 Ah,81.82449999999999,4.450000000000065,6.699999999999928,10.19999999999999,13.10000000000011,15.900000000000029
SOC75,75%,20Ah,20 Ah,82.075,4.549999999999832,7.049999999999779,10.59999999999994,13.80000000000026,16.650000000000052
SOC75,75%,35Ah,35 Ah,82.06942857142857,3.249999999999975,4.95000000000001,7.750000000000146,10.39999999999996,12.75000000000026
SOC75,75%,35Ah,35 Ah,82.52085714285714,3.599999999999826,5.549999999999944,8.449999999999847,11.29999999999987,14.00000000000023
SOC75,75%,35Ah,35 Ah,82.63371428571429,3.2500000000004188,5.050000000000221,7.800000000000029,10.54999999999984,13.09999999999989
SOC75,75%,35Ah,35 Ah,82.26028571428571,3.399999999999848,5.450000000000177,8.250000000000313,11.30000000000031,14.1
SOC75,75%,35Ah,35 Ah,86.64914285714286,2.800000000000136,3.900000000000015,6.000000000000005,8.249999999999869,10.39999999999996
SOC75,75%,35Ah,35 Ah,82.70085714285715,3.349999999999964,5.349999999999966,7.9499999999996795,10.69999999999993,13.20000000000032
SOC75,75%,35Ah,35 Ah,85.41371428571428,3.149999999999986,4.750000000000032,7.49999999999984,10.1,12.44999999999985
SOC75,75%,35Ah,35 Ah,83.08114285714285,3.2500000000004188,5.15000000000021,7.800000000000251,10.25000000000009,12.9999999999999
SOC75,75%,35Ah,35 Ah,83.88257142857142,3.19999999999987,4.900000000000126,7.400000000000073,10.04999999999989,12.40000000000019
SOC75,75%,35Ah,35 Ah,84.11685714285714,3.049999999999997,4.550000000000054,7.200000000000317,9.650000000000158,12.1
SOC75,75%,35Ah,35 Ah,82.23485714285714,2.950000000000008,4.850000000000021,7.400000000000073,10.04999999999989,12.39999999999997
SOC75,75%,35Ah,35 Ah,81.33142857142857,3.299999999999859,5.549999999999944,8.45000000000029,11.30000000000031,14.29999999999998
SOC75,75%,35Ah,35 Ah,82.41457142857142,3.200000000000092,5.250000000000199,8.050000000000335,10.70000000000015,13.24999999999998
SOC75,75%,35Ah,35 Ah,85.35914285714286,2.999999999999892,4.74999999999981,7.050000000000001,9.69999999999982,11.84999999999969
SOC75,75%,35Ah,35 Ah,82.64828571428572,3.300000000000081,5.450000000000177,8.349999999999858,11.29999999999987,14.04999999999967
SOC75,75%,35Ah,35 Ah,83.336,3.200000000000092,5.250000000000199,7.750000000000146,10.39999999999996,12.90000000000013
SOC75,75%,35Ah,35 Ah,85.59142857142858,2.750000000000252,4.450000000000065,6.699999999999706,9.050000000000002,11.29999999999987
SOC75,75%,35Ah,35 Ah,84.99714285714285,3.000000000000114,4.849999999999799,7.450000000000179,9.90000000000002,12.24999999999987
SOC75,75%,35Ah,35 Ah,84.82771428571428,3.000000000000114,4.849999999999799,7.550000000000168,10.00000000000001,12.54999999999984
SOC75,75%,35Ah,35 Ah,84.5277142857143,2.900000000000125,4.500000000000171,6.800000000000361,9.34999999999997,11.70000000000027
SOC75,75%,35Ah,35 Ah,82.10257142857144,3.299999999999859,5.450000000000177,8.050000000000113,10.69999999999993,13.54999999999995
SOC75,75%,35Ah,35 Ah,88.986,3.000000000000114,4.750000000000032,6.94999999999979,9.600000000000053,11.75000000000015
SOC75,75%,35Ah,35 Ah,89.41942857142857,2.649999999999819,3.849999999999909,5.900000000000016,7.849999999999913,9.850000000000136
SOC75,75%,35Ah,35 Ah,88.78885714285715,2.699999999999703,4.149999999999876,6.149999999999878,8.350000000000302,10.19999999999999
SOC75,75%,35Ah,35 Ah,87.44714285714285,2.599999999999936,3.949999999999898,6.150000000000322,8.299999999999974,10.3500000000003
SOC75,75%,35Ah,35 Ah,90.35257142857142,2.499999999999947,3.850000000000131,5.849999999999911,7.750000000000146,9.899999999999798
SOC75,75%,35Ah,35 Ah,90.61085714285714,2.699999999999925,3.850000000000131,5.849999999999911,7.650000000000157,9.599999999999831
SOC75,75%,35Ah,35 Ah,91.09142857142858,2.40000000000018,3.549999999999942,5.549999999999722,7.399999999999851,9.24999999999998
SOC75,75%,35Ah,35 Ah,85.786,2.949999999999786,4.150000000000098,6.549999999999834,8.700000000000152,10.85000000000003
SOC75,75%,35Ah,35 Ah,88.30285714285714,2.649999999999819,3.849999999999909,6.000000000000227,8.04999999999989,10.050000000000109
SOC75,75%,35Ah,35 Ah,90.7,2.500000000000169,3.800000000000026,5.800000000000027,7.950000000000346,9.700000000000042
SOC75,75%,35Ah,35 Ah,88.35542857142856,2.900000000000125,4.550000000000054,6.750000000000034,9.200000000000319,11.44999999999996
SOC75,75%,35Ah,35 Ah,89.43057142857143,2.700000000000147,4.049999999999887,6.049999999999889,8.050000000000335,10.00000000000001
SOC75,75%,35Ah,35 Ah,89.22485714285713,2.750000000000252,3.95000000000012,6.149999999999878,8.300000000000196,10.40000000000019
SOC75,75%,35Ah,35 Ah,87.98314285714287,2.500000000000169,3.650000000000153,5.7499999999997,7.70000000000004,9.849999999999692
SOC75,75%,35Ah,35 Ah,88.73885714285714,2.800000000000136,4.100000000000215,6.100000000000216,8.250000000000313,10.19999999999999
SOC75,75%,35Ah,35 Ah,86.91085714285714,2.650000000000263,4.050000000000331,6.300000000000194,8.250000000000313,10.39999999999996
SOC75,75%,35Ah,35 Ah,87.08857142857144,2.600000000000158,4.100000000000215,6.300000000000194,8.45000000000029,10.39999999999996
SOC75,75%,35Ah,35 Ah,91.47485714285713,2.499999999999947,3.649999999999931,5.850000000000133,7.799999999999807,9.850000000000136
SOC75,75%,35Ah,35 Ah,92.2802857142857,2.499999999999947,3.649999999999931,5.650000000000155,7.70000000000004,9.650000000000158
SOC75,75%,35Ah,35 Ah,96.23314285714287,2.299999999999969,3.249999999999975,5.15000000000021,7.050000000000001,8.90000000000013
SOC75,75%,35Ah,35 Ah,92.08057142857143,2.399999999999736,3.849999999999909,5.650000000000155,7.799999999999807,9.650000000000158
SOC75,75%,35Ah,35 Ah,95.78857142857143,2.399999999999958,3.449999999999953,5.350000000000188,7.14999999999999,8.800000000000141
SOC75,75%,68Ah,68 Ah,84.86632352941177,5.900000000000016,8.199999999999985,12.49999999999973,16.54999999999984,20.299999999999983
SOC75,75%,68Ah,68 Ah,84.67470588235294,5.550000000000166,6.999999999999895,10.75000000000004,14.0499999999999,17.40000000000008
SOC75,75%,68Ah,68 Ah,84.36882352941177,5.900000000000016,8.199999999999985,12.499999999999961,16.44999999999985,20.20000000000022
SOC75,75%,68Ah,68 Ah,84.20808823529411,5.800000000000249,8.00000000000023,12.25000000000032,16.1,19.69999999999983
SOC75,75%,68Ah,68 Ah,84.47191176470588,5.549999999999944,7.700000000000262,11.70000000000004,15.34999999999997,18.85000000000003
SOC75,75%,68Ah,68 Ah,82.63294117647058,6.29999999999975,8.90000000000013,13.49999999999985,17.85000000000014,21.70000000000005
SOC75,75%,68Ah,68 Ah,84.75764705882352,5.849999999999911,7.70000000000004,11.65000000000016,15.45000000000019,19.3500000000002
SOC75,75%,68Ah,68 Ah,83.05264705882352,5.750000000000144,8.100000000000218,12.15000000000033,15.900000000000029,19.64999999999972
SOC75,75%,68Ah,68 Ah,83.61323529411764,5.749999999999922,8.000000000000007,12.15000000000011,16.19999999999999,19.94999999999991
SOC75,75%,68Ah,68 Ah,81.12264705882353,5.849999999999911,8.69999999999993,12.95000000000002,17.15000000000022,20.850000000000037
SOC75,75%,68Ah,68 Ah,85.61661764705882,5.249999999999977,7.000000000000339,10.85000000000025,14.55000000000006,18.10000000000023
SOC75,75%,68Ah,68 Ah,82.1075,5.749999999999922,8.200000000000207,12.25000000000009,16.14999999999989,19.849999999999703
SOC75,75%,68Ah,68 Ah,85.79985294117647,4.95000000000001,6.899999999999906,10.45000000000007,14.00000000000001,17.349999999999753
SOC75,75%,68Ah,68 Ah,82.79117647058824,6.299999999999972,9.500000000000064,14.25000000000032,18.70000000000016,22.24999999999988
SOC75,75%,68Ah,68 Ah,83.04911764705882,6.100000000000216,8.700000000000152,12.95000000000002,17.10000000000012,21.000000000000128
SOC75,75%,68Ah,68 Ah,84.28676470588235,5.750000000000144,7.90000000000024,11.85000000000036,15.900000000000029,19.64999999999972
SOC75,75%,68Ah,68 Ah,82.7885294117647,5.700000000000038,8.099999999999996,12.04999999999989,16.09999999999978,19.75000000000016
SOC75,75%,68Ah,68 Ah,85.85794117647059,5.449999999999955,7.400000000000295,11.15000000000022,15.2000000000001,18.750000000000043
SOC75,75%,68Ah,68 Ah,85.09441176470588,5.50000000000006,7.599999999999829,11.49999999999984,15.25000000000021,19.00000000000013
SOC75,75%,68Ah,68 Ah,82.91720588235295,6.099999999999994,8.600000000000163,13.00000000000012,17.25000000000021,20.89999999999992
SOC75,75%,68Ah,68 Ah,84.09485294117647,5.600000000000271,7.90000000000024,11.85000000000036,15.900000000000029,19.549999999999958
SOC75,75%,68Ah,68 Ah,84.94147058823529,5.550000000000166,7.400000000000073,11.35000000000019,14.95000000000002,18.60000000000017
SOC75,75%,68Ah,68 Ah,85.60955882352941,5.249999999999977,7.200000000000317,10.85000000000025,14.55000000000006,18.10000000000023
SOC75,75%,68Ah,68 Ah,85.6660294117647,5.449999999999955,7.600000000000051,11.35000000000019,15.15,18.79999999999993
SOC75,75%,68Ah,68 Ah,84.04294117647059,5.800000000000027,8.299999999999974,12.55000000000006,16.39999999999997,20.35000000000031
SOC75,75%,68Ah,68 Ah,81.22691176470587,6.200000000000205,9.199999999999875,13.70000000000005,18.049999999999898,21.8499999999997
SOC75,75%,68Ah,68 Ah,83.64161764705882,6.050000000000333,8.500000000000174,13.04999999999978,17.10000000000012,20.75000000000005
SOC75,75%,68Ah,68 Ah,83.19852941176471,6.099999999999994,8.299999999999974,12.60000000000017,16.85000000000003,20.44999999999986
SOC75,75%,68Ah,68 Ah,84.30602941176471,6.000000000000227,8.300000000000196,12.3000000000002,16.55000000000006,20.39999999999975
SOC75,75%,68Ah,68 Ah,82.22029411764706,5.950000000000122,8.400000000000185,12.85000000000003,16.90000000000014,20.55000000000029
SOC75,75%,68Ah,68 Ah,84.02176470588235,5.649999999999711,7.699999999999818,11.64999999999994,15.65000000000016,19.300000000000093
SOC75,75%,68Ah,68 Ah,86.01441176470588,5.350000000000188,7.200000000000095,10.65000000000027,14.15000000000033,17.80000000000004
SOC75,75%,68Ah,68 Ah,85.63573529411765,5.15000000000021,7.199999999999873,10.94999999999979,14.65000000000005,18.19999999999977
SOC75,75%,68Ah,68 Ah,82.1064705882353,6.100000000000216,8.69999999999993,13.05000000000023,17.29999999999987,20.850000000000037
SOC75,75%,68Ah,68 Ah,84.70382352941176,5.249999999999977,6.90000000000035,10.65000000000027,14.0499999999999,17.750000000000153
SOC75,75%,68Ah,68 Ah,85.02661764705883,5.549999999999722,7.299999999999862,11.15000000000022,14.95000000000002,18.49999999999996
SOC75,75%,68Ah,68 Ah,83.71941176470588,5.850000000000133,8.399999999999963,12.35000000000008,16.40000000000019,20.149999999999892
SOC75,75%,68Ah,68 Ah,81.86529411764705,6.250000000000311,8.800000000000141,13.24999999999976,17.69999999999983,21.34999999999998
SOC75,75%,68Ah,68 Ah,82.86044117647059,5.800000000000027,8.299999999999974,12.55000000000006,16.39999999999997,20.2500000000001
SOC75,75%,68Ah,68 Ah,84.5614705882353,6.000000000000005,8.14999999999988,12.14999999999988,16.25000000000032,20.2
SOC75,75%,68Ah,68 Ah,84.18558823529412,5.749999999999922,7.900000000000018,11.85000000000014,16.10000000000023,19.64999999999972
SOC75,75%,68Ah,68 Ah,83.05867647058824,6.300000000000194,8.800000000000141,13.04999999999978,17.40000000000008,21.249999999999993
SOC75,75%,68Ah,68 Ah,85.02470588235295,5.549999999999944,7.500000000000062,11.55000000000017,15.24999999999999,18.89999999999992
SOC75,75%,68Ah,68 Ah,84.07470588235294,5.749999999999922,8.00000000000023,11.95000000000035,15.75000000000015,19.69999999999983
SOC75,75%,68Ah,68 Ah,87.28838235294117,5.350000000000188,7.099999999999884,10.80000000000014,14.700000000000161,18.4500000000003
SOC75,75%,68Ah,68 Ah,83.13029411764705,6.000000000000005,8.200000000000207,12.65000000000005,16.69999999999994,20.24999999999988
SOC75,75%,68Ah,68 Ah,85.29117647058824,5.350000000000188,7.299999999999862,10.95000000000002,14.69999999999994,18.24999999999988
SOC75,75%,68Ah,68 Ah,82.63308823529411,6.199999999999983,8.600000000000163,13.00000000000012,17.05000000000001,20.99999999999991
SOC75,75%,68Ah,68 Ah,84.05779411764706,6.000000000000227,8.300000000000196,12.3000000000002,16.55000000000006,20.199999999999772
SOC75,75%,68Ah,68 Ah,81.29088235294117,6.200000000000205,9.000000000000119,13.30000000000031,17.55000000000018,21.05000000000001
SOC75,75%,68Ah,68 Ah,85.85220588235293,5.749999999999922,7.49999999999984,11.35000000000019,15.000000000000119,18.85000000000003
SOC75,75%,68Ah,68 Ah,83.03014705882353,5.600000000000049,7.799999999999807,11.64999999999972,15.40000000000008,19.05000000000001
SOC75,75%,68Ah,68 Ah,81.49132352941176,6.149999999999878,8.90000000000013,13.45000000000018,17.750000000000153,21.249999999999993
SOC75,75%,68Ah,68 Ah,83.00235294117647,6.149999999999878,8.69999999999993,13.25000000000021,17.30000000000009,21.05000000000001
SOC75,75%,68Ah,68 Ah,84.31911764705883,5.549999999999944,7.200000000000317,10.95000000000024,14.700000000000161,18.15000000000033
SOC75,75%,68Ah,68 Ah,82.3635294117647,6.399999999999961,9.200000000000097,13.75000000000037,18.29999999999998,22.04999999999968
