case_name,feature_tag,feature_name,model,feature,importance_median,importance_std,importance_mean
exp1__SOC05_W30_all_crates_05_10_15_20_25,exp1__SOC05_W30_all_crates_05_10_15_20_25,exp1__SOC05_W30_all_crates_05_10_15_20_25,linear,fai_irrev_1C__W30__SOC5,0.028396868619456388,0.010364232070426038,0.028130371442393037
exp1__SOC05_W30_all_crates_05_10_15_20_25,exp1__SOC05_W30_all_crates_05_10_15_20_25,exp1__SOC05_W30_all_crates_05_10_15_20_25,linear,fai_irrev_1.5C__W30__SOC5,0.02024607727153461,0.009117440865654605,0.0208505891792299
exp1__SOC05_W30_all_crates_05_10_15_20_25,exp1__SOC05_W30_all_crates_05_10_15_20_25,exp1__SOC05_W30_all_crates_05_10_15_20_25,linear,fai_irrev_2.5C__W30__SOC5,0.013273115273678113,0.008484800601945801,0.013781803638296697
exp1__SOC05_W30_all_crates_05_10_15_20_25,exp1__SOC05_W30_all_crates_05_10_15_20_25,exp1__SOC05_W30_all_crates_05_10_15_20_25,linear,fai_irrev_2C__W30__SOC5,0.012920337054579428,0.0068529988258195194,0.01270303130581282
exp1__SOC05_W30_all_crates_05_10_15_20_25,exp1__SOC05_W30_all_crates_05_10_15_20_25,exp1__SOC05_W30_all_crates_05_10_15_20_25,linear,fai_irrev_0.5C__W30__SOC5,0.005855294946752914,0.005007149371708729,0.0068055738729656265
exp1__SOC05_W30_all_crates_05_10_15_20_25,exp1__SOC05_W30_all_crates_05_10_15_20_25,exp1__SOC05_W30_all_crates_05_10_15_20_25,ridge,fai_irrev_1C__W30__SOC5,0.01813503267137448,0.0045934419993167615,0.017745909997915223
exp1__SOC05_W30_all_crates_05_10_15_20_25,exp1__SOC05_W30_all_crates_05_10_15_20_25,exp1__SOC05_W30_all_crates_05_10_15_20_25,ridge,fai_irrev_2C__W30__SOC5,0.009875383659511837,0.0046249274396327365,0.009235718288557454
exp1__SOC05_W30_all_crates_05_10_15_20_25,exp1__SOC05_W30_all_crates_05_10_15_20_25,exp1__SOC05_W30_all_crates_05_10_15_20_25,ridge,fai_irrev_2.5C__W30__SOC5,0.009806832148882057,0.0035062478634911042,0.009509354636511248
exp1__SOC05_W30_all_crates_05_10_15_20_25,exp1__SOC05_W30_all_crates_05_10_15_20_25,exp1__SOC05_W30_all_crates_05_10_15_20_25,ridge,fai_irrev_1.5C__W30__SOC5,0.006343860038394768,0.0033934844386954172,0.006197860203732466
exp1__SOC05_W30_all_crates_05_10_15_20_25,exp1__SOC05_W30_all_crates_05_10_15_20_25,exp1__SOC05_W30_all_crates_05_10_15_20_25,ridge,fai_irrev_0.5C__W30__SOC5,0.005179421938429019,0.003586656197726938,0.005256021429382481
exp1__SOC05_W30_all_crates_05_10_15_20_25,exp1__SOC05_W30_all_crates_05_10_15_20_25,exp1__SOC05_W30_all_crates_05_10_15_20_25,lasso,fai_irrev_1C__W30__SOC5,0.02252524493936046,0.007727031783527749,0.022007457451163948
exp1__SOC05_W30_all_crates_05_10_15_20_25,exp1__SOC05_W30_all_crates_05_10_15_20_25,exp1__SOC05_W30_all_crates_05_10_15_20_25,lasso,fai_irrev_2C__W30__SOC5,0.004269745565664248,0.006372274686957723,0.00595750036208602
exp1__SOC05_W30_all_crates_05_10_15_20_25,exp1__SOC05_W30_all_crates_05_10_15_20_25,exp1__SOC05_W30_all_crates_05_10_15_20_25,lasso,fai_irrev_2.5C__W30__SOC5,0.0021423420275214966,0.004795071164732503,0.003972214356504096
exp1__SOC05_W30_all_crates_05_10_15_20_25,exp1__SOC05_W30_all_crates_05_10_15_20_25,exp1__SOC05_W30_all_crates_05_10_15_20_25,lasso,fai_irrev_0.5C__W30__SOC5,2.0600251264730203e-05,0.0033051700626336358,0.0019480407418588906
exp1__SOC05_W30_all_crates_05_10_15_20_25,exp1__SOC05_W30_all_crates_05_10_15_20_25,exp1__SOC05_W30_all_crates_05_10_15_20_25,lasso,fai_irrev_1.5C__W30__SOC5,0.0,0.0005692120585385742,5.6921205853857404e-05
exp1__SOC05_W30_all_crates_05_10_15_20_25,exp1__SOC05_W30_all_crates_05_10_15_20_25,exp1__SOC05_W30_all_crates_05_10_15_20_25,en,fai_irrev_1C__W30__SOC5,0.022067951471595806,0.007544918221376737,0.021764059946676538
exp1__SOC05_W30_all_crates_05_10_15_20_25,exp1__SOC05_W30_all_crates_05_10_15_20_25,exp1__SOC05_W30_all_crates_05_10_15_20_25,en,fai_irrev_2C__W30__SOC5,0.004698302786799386,0.006329577103185587,0.006225134986404084
exp1__SOC05_W30_all_crates_05_10_15_20_25,exp1__SOC05_W30_all_crates_05_10_15_20_25,exp1__SOC05_W30_all_crates_05_10_15_20_25,en,fai_irrev_2.5C__W30__SOC5,0.002978605931588372,0.0048290713215406655,0.004244540947510786
exp1__SOC05_W30_all_crates_05_10_15_20_25,exp1__SOC05_W30_all_crates_05_10_15_20_25,exp1__SOC05_W30_all_crates_05_10_15_20_25,en,fai_irrev_0.5C__W30__SOC5,0.00041189869744942043,0.0033653387519722413,0.002147482806475401
exp1__SOC05_W30_all_crates_05_10_15_20_25,exp1__SOC05_W30_all_crates_05_10_15_20_25,exp1__SOC05_W30_all_crates_05_10_15_20_25,en,fai_irrev_1.5C__W30__SOC5,0.0,0.0005895383564425132,5.895383564425133e-05
exp1__SOC05_W30_all_crates_05_10_15_20_25,exp1__SOC05_W30_all_crates_05_10_15_20_25,exp1__SOC05_W30_all_crates_05_10_15_20_25,svm,fai_irrev_1C__W30__SOC5,0.04366606177866179,0.018196370189920534,0.04452194536965237
exp1__SOC05_W30_all_crates_05_10_15_20_25,exp1__SOC05_W30_all_crates_05_10_15_20_25,exp1__SOC05_W30_all_crates_05_10_15_20_25,svm,fai_irrev_0.5C__W30__SOC5,0.03695637205058051,0.018460456720385397,0.038547928582823306
exp1__SOC05_W30_all_crates_05_10_15_20_25,exp1__SOC05_W30_all_crates_05_10_15_20_25,exp1__SOC05_W30_all_crates_05_10_15_20_25,svm,fai_irrev_2C__W30__SOC5,0.035417692853082064,0.015478438444994387,0.03515043046915778
exp1__SOC05_W30_all_crates_05_10_15_20_25,exp1__SOC05_W30_all_crates_05_10_15_20_25,exp1__SOC05_W30_all_crates_05_10_15_20_25,svm,fai_irrev_2.5C__W30__SOC5,0.029885204592007227,0.01463727231152244,0.03255030387868882
exp1__SOC05_W30_all_crates_05_10_15_20_25,exp1__SOC05_W30_all_crates_05_10_15_20_25,exp1__SOC05_W30_all_crates_05_10_15_20_25,svm,fai_irrev_1.5C__W30__SOC5,0.024332575353002255,0.01211742049715395,0.02640511004447191
exp1__SOC05_W30_all_crates_05_10_15_20_25,exp1__SOC05_W30_all_crates_05_10_15_20_25,exp1__SOC05_W30_all_crates_05_10_15_20_25,rf,fai_irrev_2C__W30__SOC5,0.5637465999587148,0.1176497414843872,0.5120215812513458
exp1__SOC05_W30_all_crates_05_10_15_20_25,exp1__SOC05_W30_all_crates_05_10_15_20_25,exp1__SOC05_W30_all_crates_05_10_15_20_25,rf,fai_irrev_1C__W30__SOC5,0.17124988860460097,0.08337304647936053,0.19265810034134923
exp1__SOC05_W30_all_crates_05_10_15_20_25,exp1__SOC05_W30_all_crates_05_10_15_20_25,exp1__SOC05_W30_all_crates_05_10_15_20_25,rf,fai_irrev_2.5C__W30__SOC5,0.11072730789675174,0.04356112006591194,0.1157089767638158
exp1__SOC05_W30_all_crates_05_10_15_20_25,exp1__SOC05_W30_all_crates_05_10_15_20_25,exp1__SOC05_W30_all_crates_05_10_15_20_25,rf,fai_irrev_1.5C__W30__SOC5,0.08905073562323622,0.03943801219733185,0.09983421071289011
exp1__SOC05_W30_all_crates_05_10_15_20_25,exp1__SOC05_W30_all_crates_05_10_15_20_25,exp1__SOC05_W30_all_crates_05_10_15_20_25,rf,fai_irrev_0.5C__W30__SOC5,0.0772298087704093,0.01845484393742441,0.07977713093059903
exp1__SOC05_W30_all_crates_05_10_15_20_25,exp1__SOC05_W30_all_crates_05_10_15_20_25,exp1__SOC05_W30_all_crates_05_10_15_20_25,xgb,fai_irrev_2C__W30__SOC5,0.0008958143007475883,0.0003302418729256433,0.0007863667231868021
exp1__SOC05_W30_all_crates_05_10_15_20_25,exp1__SOC05_W30_all_crates_05_10_15_20_25,exp1__SOC05_W30_all_crates_05_10_15_20_25,xgb,fai_irrev_1C__W30__SOC5,0.0003306502476334572,0.00029523318023380265,0.00043479787753312847
exp1__SOC05_W30_all_crates_05_10_15_20_25,exp1__SOC05_W30_all_crates_05_10_15_20_25,exp1__SOC05_W30_all_crates_05_10_15_20_25,xgb,fai_irrev_2.5C__W30__SOC5,9.809215771383606e-05,0.0001040582165176143,0.00012692890526523116
exp1__SOC05_W30_all_crates_05_10_15_20_25,exp1__SOC05_W30_all_crates_05_10_15_20_25,exp1__SOC05_W30_all_crates_05_10_15_20_25,xgb,fai_irrev_0.5C__W30__SOC5,9.29432426346466e-05,2.252741067543375e-05,9.158847929938929e-05
exp1__SOC05_W30_all_crates_05_10_15_20_25,exp1__SOC05_W30_all_crates_05_10_15_20_25,exp1__SOC05_W30_all_crates_05_10_15_20_25,xgb,fai_irrev_1.5C__W30__SOC5,7.215687946882099e-05,0.00010321189286666234,0.00011474968039692612
exp1__SOC05_W30_all_crates_05_10_15_20_25,exp1__SOC05_W30_all_crates_05_10_15_20_25,exp1__SOC05_W30_all_crates_05_10_15_20_25,gpr,fai_irrev_1C__W30__SOC5,5.676015213396114e-16,0.0012867297974330843,0.00039352472845205814
exp1__SOC05_W30_all_crates_05_10_15_20_25,exp1__SOC05_W30_all_crates_05_10_15_20_25,exp1__SOC05_W30_all_crates_05_10_15_20_25,gpr,fai_irrev_2.5C__W30__SOC5,4.0245584642661923e-17,0.001059888918668604,0.0002987727650304909
exp1__SOC05_W30_all_crates_05_10_15_20_25,exp1__SOC05_W30_all_crates_05_10_15_20_25,exp1__SOC05_W30_all_crates_05_10_15_20_25,gpr,fai_irrev_1.5C__W30__SOC5,0.0,0.0005857258586929998,0.000135229347841043
exp1__SOC05_W30_all_crates_05_10_15_20_25,exp1__SOC05_W30_all_crates_05_10_15_20_25,exp1__SOC05_W30_all_crates_05_10_15_20_25,gpr,fai_irrev_2C__W30__SOC5,0.0,0.0016483660986982176,0.00048297102272949977
exp1__SOC05_W30_all_crates_05_10_15_20_25,exp1__SOC05_W30_all_crates_05_10_15_20_25,exp1__SOC05_W30_all_crates_05_10_15_20_25,gpr,fai_irrev_0.5C__W30__SOC5,-1.0408340855860842e-18,0.0009224208095899698,0.00024308025001203927
exp1__SOC05_W30_all_crates_05_10_15_20_25,exp1__SOC05_W30_all_crates_05_10_15_20_25,exp1__SOC05_W30_all_crates_05_10_15_20_25,mlp,fai_irrev_2C__W30__SOC5,0.025816554356234936,0.02172596840832148,0.030893032256972555
exp1__SOC05_W30_all_crates_05_10_15_20_25,exp1__SOC05_W30_all_crates_05_10_15_20_25,exp1__SOC05_W30_all_crates_05_10_15_20_25,mlp,fai_irrev_0.5C__W30__SOC5,0.02348465267694161,0.022758728471125613,0.029831203966085698
exp1__SOC05_W30_all_crates_05_10_15_20_25,exp1__SOC05_W30_all_crates_05_10_15_20_25,exp1__SOC05_W30_all_crates_05_10_15_20_25,mlp,fai_irrev_1.5C__W30__SOC5,0.022446194896792233,0.02267606761974741,0.02753988504198819
exp1__SOC05_W30_all_crates_05_10_15_20_25,exp1__SOC05_W30_all_crates_05_10_15_20_25,exp1__SOC05_W30_all_crates_05_10_15_20_25,mlp,fai_irrev_2.5C__W30__SOC5,0.021571698209364866,0.021206310954029514,0.027651640330538865
exp1__SOC05_W30_all_crates_05_10_15_20_25,exp1__SOC05_W30_all_crates_05_10_15_20_25,exp1__SOC05_W30_all_crates_05_10_15_20_25,mlp,fai_irrev_1C__W30__SOC5,0.021379973247389154,0.018514113578422375,0.02538958388713277
exp1__SOC05_W30_all_crates_05_10_15_20_25,exp1__SOC05_W30_all_crates_05_10_15_20_25,exp1__SOC05_W30_all_crates_05_10_15_20_25,transformer,fai_irrev_2.5C__W30__SOC5,0.0030261539446512853,0.0023872055940410077,0.0031864308246694296
exp1__SOC05_W30_all_crates_05_10_15_20_25,exp1__SOC05_W30_all_crates_05_10_15_20_25,exp1__SOC05_W30_all_crates_05_10_15_20_25,transformer,fai_irrev_2C__W30__SOC5,0.0029855408050446265,0.0023683250589368243,0.0031688330865178786
exp1__SOC05_W30_all_crates_05_10_15_20_25,exp1__SOC05_W30_all_crates_05_10_15_20_25,exp1__SOC05_W30_all_crates_05_10_15_20_25,transformer,fai_irrev_0.5C__W30__SOC5,0.0029775391254424975,0.002420833921756016,0.003156272956688291
exp1__SOC05_W30_all_crates_05_10_15_20_25,exp1__SOC05_W30_all_crates_05_10_15_20_25,exp1__SOC05_W30_all_crates_05_10_15_20_25,transformer,fai_irrev_1C__W30__SOC5,0.002904401339303881,0.0024447979011798654,0.0032560280662454876
exp1__SOC05_W30_all_crates_05_10_15_20_25,exp1__SOC05_W30_all_crates_05_10_15_20_25,exp1__SOC05_W30_all_crates_05_10_15_20_25,transformer,fai_irrev_1.5C__W30__SOC5,0.002818397183963232,0.002463837499911108,0.0031562832894179932
exp1__SOC05_W30_all_crates_05_10_15_20_25,exp1__SOC05_W30_all_crates_05_10_15_20_25,exp1__SOC05_W30_all_crates_05_10_15_20_25,informer,fai_irrev_1C__W30__SOC5,0.002953281574794222,0.0017084880541317039,0.0027850423091170906
exp1__SOC05_W30_all_crates_05_10_15_20_25,exp1__SOC05_W30_all_crates_05_10_15_20_25,exp1__SOC05_W30_all_crates_05_10_15_20_25,informer,fai_irrev_2C__W30__SOC5,0.0028411141902378615,0.0016503693559904384,0.0026897929666800722
exp1__SOC05_W30_all_crates_05_10_15_20_25,exp1__SOC05_W30_all_crates_05_10_15_20_25,exp1__SOC05_W30_all_crates_05_10_15_20_25,informer,fai_irrev_1.5C__W30__SOC5,0.0028339472050893846,0.0016778462311163804,0.0026633758949343367
exp1__SOC05_W30_all_crates_05_10_15_20_25,exp1__SOC05_W30_all_crates_05_10_15_20_25,exp1__SOC05_W30_all_crates_05_10_15_20_25,informer,fai_irrev_2.5C__W30__SOC5,0.0028248460497629067,0.0016954260479687877,0.00271662741388321
exp1__SOC05_W30_all_crates_05_10_15_20_25,exp1__SOC05_W30_all_crates_05_10_15_20_25,exp1__SOC05_W30_all_crates_05_10_15_20_25,informer,fai_irrev_0.5C__W30__SOC5,0.002796020497685384,0.00169320138025277,0.0026205617099416827
